# Wavefront OBJ exported by WoW Model Viewer 0.8.5

mtllib AmberState.mtl

v -1.808501 0.031222 -1.248096
v -2.034664 0.226765 -0.428416
v -1.825140 0.676531 -0.945536
v 0.032057 2.563656 -1.260750
v -0.259069 0.647100 -1.161317
v -0.865034 2.282863 -1.085013
v -0.783662 -0.699226 -0.223546
v -1.063731 -0.745387 -0.435626
v -1.162216 -0.045698 -0.196591
v -0.783662 -0.699226 -0.223546
v -1.162216 -0.045698 -0.196591
v -1.209956 -0.152099 0.214725
v -1.290727 0.185456 0.221754
v -1.190149 0.135603 0.148486
v -1.334841 0.528666 0.393660
v -1.209956 -0.152099 0.214725
v -1.162216 -0.045698 -0.196591
v -1.190149 0.135603 0.148486
v -1.209956 -0.152099 0.214725
v -1.190149 0.135603 0.148486
v -1.290727 0.185456 0.221754
v -1.426467 -0.112183 0.093738
v -1.209956 -0.152099 0.214725
v -1.290727 0.185456 0.221754
v -1.426467 -0.112183 0.093738
v -1.290727 0.185456 0.221754
v -1.469973 0.316985 0.228933
v -1.280058 -0.944468 -0.115319
v -1.083868 -0.879671 -0.048286
v -1.401370 -0.338612 0.142422
v -0.887678 -0.814873 0.018748
v -0.783662 -0.699226 -0.223546
v -1.209956 -0.152099 0.214725
v -1.083868 -0.879671 -0.048286
v -0.887678 -0.814873 0.018748
v -1.209956 -0.152099 0.214725
v -1.083868 -0.879671 -0.048286
v -1.209956 -0.152099 0.214725
v -1.401370 -0.338612 0.142422
v -1.401370 -0.338612 0.142422
v -1.209956 -0.152099 0.214725
v -1.426467 -0.112183 0.093738
v -1.334841 0.528666 0.393660
v -1.190149 0.135603 0.148486
v -1.317374 0.529470 0.191975
v -1.334841 0.528666 0.393660
v -1.469973 0.316985 0.228933
v -1.290727 0.185456 0.221754
v -1.373311 -0.240276 -0.158966
v -1.469973 0.316985 0.228933
v -1.317374 0.529470 0.191975
v -1.373311 -0.240276 -0.158966
v -1.426467 -0.112183 0.093738
v -1.469973 0.316985 0.228933
v -1.334841 0.528666 0.393660
v -1.317374 0.529470 0.191975
v -1.469973 0.316985 0.228933
v -1.162216 -0.045698 -0.196591
v -1.317374 0.529470 0.191975
v -1.190149 0.135603 0.148486
v -1.162216 -0.045698 -0.196591
v -1.373311 -0.240276 -0.158966
v -1.317374 0.529470 0.191975
v 1.598086 -0.784319 0.635553
v 1.139902 -0.707765 0.637817
v 1.548578 0.221594 0.758754
v 1.761309 -0.163776 0.891855
v 1.786788 0.211904 0.961679
v 1.903249 0.649818 1.149934
v 1.761309 -0.163776 0.891855
v 1.548578 0.221594 0.758754
v 1.786788 0.211904 0.961679
v 1.598086 -0.784319 0.635553
v 1.548578 0.221594 0.758754
v 1.761309 -0.163776 0.891855
v 1.633387 0.033525 1.164910
v 1.761309 -0.163776 0.891855
v 1.978620 0.408518 1.094090
v 1.633387 0.033525 1.164910
v 1.978620 0.408518 1.094090
v 1.914835 0.814537 1.296255
v 1.228666 -0.826338 1.107362
v 1.441822 -0.838407 1.018407
v 1.542257 -0.303720 1.245262
v 1.654978 -0.850476 0.929451
v 1.598086 -0.784319 0.635553
v 1.761309 -0.163776 0.891855
v 1.441822 -0.838407 1.018407
v 1.654978 -0.850476 0.929451
v 1.761309 -0.163776 0.891855
v 1.441822 -0.838407 1.018407
v 1.761309 -0.163776 0.891855
v 1.542257 -0.303720 1.245262
v 1.542257 -0.303720 1.245262
v 1.761309 -0.163776 0.891855
v 1.633387 0.033525 1.164910
v 1.066547 -0.753126 0.857668
v 1.633387 0.033525 1.164910
v 1.467654 0.136975 0.988126
v 1.066547 -0.753126 0.857668
v 1.542257 -0.303720 1.245262
v 1.633387 0.033525 1.164910
v 1.542257 -0.303720 1.245262
v 1.066547 -0.753126 0.857668
v 1.228666 -0.826338 1.107362
v 1.903249 0.649818 1.149934
v 1.786788 0.211904 0.961679
v 1.887917 0.658440 1.035535
v 1.761309 -0.163776 0.891855
v 1.903249 0.649818 1.149934
v 1.978620 0.408518 1.094090
v 1.903249 0.649818 1.149934
v 1.914835 0.814537 1.296255
v 1.978620 0.408518 1.094090
v 1.467654 0.136975 0.988126
v 1.914835 0.814537 1.296255
v 1.887917 0.658440 1.035535
v 1.467654 0.136975 0.988126
v 1.633387 0.033525 1.164910
v 1.914835 0.814537 1.296255
v 1.903249 0.649818 1.149934
v 1.887917 0.658440 1.035535
v 1.914835 0.814537 1.296255
v 1.548578 0.221594 0.758754
v 1.887917 0.658440 1.035535
v 1.786788 0.211904 0.961679
v 1.548578 0.221594 0.758754
v 1.467654 0.136975 0.988126
v 1.887917 0.658440 1.035535
v 1.139902 -0.707765 0.637817
v 1.467654 0.136975 0.988126
v 1.548578 0.221594 0.758754
v 1.139902 -0.707765 0.637817
v 1.066547 -0.753126 0.857668
v 1.467654 0.136975 0.988126
v 1.417886 -0.748683 1.748665
v 1.237107 -0.736618 0.958758
v 1.377407 0.568309 1.284070
v 1.417886 -0.748683 1.748665
v 1.377407 0.568309 1.284070
v 1.230595 0.019092 1.912422
v 0.736024 0.413624 1.736573
v 1.230595 0.019092 1.912422
v 0.818677 1.281811 1.865542
v 0.736024 0.413624 1.736573
v 0.818677 1.281811 1.865542
v 0.796571 1.500633 1.577374
v 0.459847 -0.752690 1.323978
v 0.697005 -0.748730 1.650398
v 0.583081 -0.152437 1.726612
v 0.934163 -0.744770 1.976817
v 1.417886 -0.748683 1.748665
v 1.230595 0.019092 1.912422
v 0.697005 -0.748730 1.650398
v 0.934163 -0.744770 1.976817
v 1.230595 0.019092 1.912422
v 0.697005 -0.748730 1.650398
v 1.230595 0.019092 1.912422
v 0.583081 -0.152437 1.726612
v 0.583081 -0.152437 1.726612
v 1.230595 0.019092 1.912422
v 0.736024 0.413624 1.736573
v 0.826310 -0.756603 0.934432
v 0.736024 0.413624 1.736573
v 1.025403 0.484985 1.358539
v 0.826310 -0.756603 0.934432
v 0.583081 -0.152437 1.726612
v 0.736024 0.413624 1.736573
v 0.583081 -0.152437 1.726612
v 0.826310 -0.756603 0.934432
v 0.459847 -0.752690 1.323978
v 1.218701 1.203153 1.815332
v 1.230595 0.019092 1.912422
v 1.377407 0.568309 1.284070
v 1.230595 0.019092 1.912422
v 1.218701 1.203153 1.815332
v 0.818677 1.281811 1.865542
v 1.218701 1.203153 1.815332
v 0.796571 1.500633 1.577374
v 0.818677 1.281811 1.865542
v 1.025403 0.484985 1.358539
v 0.796571 1.500633 1.577374
v 1.179679 1.439931 1.471007
v 1.025403 0.484985 1.358539
v 0.736024 0.413624 1.736573
v 0.796571 1.500633 1.577374
v 1.218701 1.203153 1.815332
v 1.179679 1.439931 1.471007
v 0.796571 1.500633 1.577374
v 1.377407 0.568309 1.284070
v 1.179679 1.439931 1.471007
v 1.218701 1.203153 1.815332
v 1.377407 0.568309 1.284070
v 1.025403 0.484985 1.358539
v 1.179679 1.439931 1.471007
v 1.237107 -0.736618 0.958758
v 1.025403 0.484985 1.358539
v 1.377407 0.568309 1.284070
v 1.237107 -0.736618 0.958758
v 0.826310 -0.756603 0.934432
v 1.025403 0.484985 1.358539
v 0.906233 -0.822281 -0.733635
v 1.464332 -0.788835 -0.938661
v 1.311173 0.170707 -0.737461
v 0.906233 -0.822281 -0.733635
v 1.311173 0.170707 -0.737461
v 0.780194 0.260607 -1.213144
v 0.978025 0.837255 -1.288042
v 1.228410 0.663623 -0.953934
v 0.993745 1.516118 -1.259506
v 0.780194 0.260607 -1.213144
v 1.311173 0.170707 -0.737461
v 1.228410 0.663623 -0.953934
v 0.780194 0.260607 -1.213144
v 1.228410 0.663623 -0.953934
v 0.978025 0.837255 -1.288042
v 1.354437 0.303622 -1.552618
v 0.780194 0.260607 -1.213144
v 0.978025 0.837255 -1.288042
v 1.354437 0.303622 -1.552618
v 0.978025 0.837255 -1.288042
v 1.191069 1.089481 -1.463426
v 1.221971 -0.812094 -1.627614
v 0.944251 -0.819902 -1.390790
v 1.222427 -0.160926 -1.666310
v 0.666531 -0.827709 -1.153966
v 0.906233 -0.822281 -0.733635
v 0.780194 0.260607 -1.213144
v 0.944251 -0.819902 -1.390790
v 0.666531 -0.827709 -1.153966
v 0.780194 0.260607 -1.213144
v 0.944251 -0.819902 -1.390790
v 0.780194 0.260607 -1.213144
v 1.222427 -0.160926 -1.666310
v 1.222427 -0.160926 -1.666310
v 0.780194 0.260607 -1.213144
v 1.354437 0.303622 -1.552618
v 0.993745 1.516118 -1.259506
v 1.228410 0.663623 -0.953934
v 1.350792 1.406136 -1.131489
v 0.993745 1.516118 -1.259506
v 1.191069 1.089481 -1.463426
v 0.978025 0.837255 -1.288042
v 1.498812 -0.055095 -1.283395
v 1.191069 1.089481 -1.463426
v 1.350792 1.406136 -1.131489
v 1.498812 -0.055095 -1.283395
v 1.354437 0.303622 -1.552618
v 1.191069 1.089481 -1.463426
v 0.993745 1.516118 -1.259506
v 1.350792 1.406136 -1.131489
v 1.191069 1.089481 -1.463426
v 1.311173 0.170707 -0.737461
v 1.350792 1.406136 -1.131489
v 1.228410 0.663623 -0.953934
v 1.311173 0.170707 -0.737461
v 1.498812 -0.055095 -1.283395
v 1.350792 1.406136 -1.131489
v 1.464332 -0.788835 -0.938661
v 1.498812 -0.055095 -1.283395
v 1.311173 0.170707 -0.737461
v 1.464332 -0.788835 -0.938661
v 1.458169 -0.806663 -1.310946
v 1.498812 -0.055095 -1.283395
v -1.851737 -0.799860 -0.211680
v -0.947783 -0.786105 -0.402020
v -1.429328 0.852872 -0.148534
v -2.034664 0.226765 -0.428416
v -1.971985 0.984448 -0.430960
v -1.944785 1.183111 -0.596870
v -2.034664 0.226765 -0.428416
v -1.429328 0.852872 -0.148534
v -1.971985 0.984448 -0.430960
v -1.851737 -0.799860 -0.211680
v -1.429328 0.852872 -0.148534
v -2.034664 0.226765 -0.428416
v -1.825140 0.676531 -0.945536
v -2.034664 0.226765 -0.428416
v -2.027705 0.964921 -0.667644
v -1.825140 0.676531 -0.945536
v -2.027705 0.964921 -0.667644
v -1.710723 1.285998 -0.818406
v -1.944785 1.183111 -0.596870
v -1.971985 0.984448 -0.430960
v -1.614087 1.398116 -0.384429
v -1.429328 0.852872 -0.148534
v -1.614087 1.398116 -0.384429
v -1.971985 0.984448 -0.430960
v -2.034664 0.226765 -0.428416
v -1.944785 1.183111 -0.596870
v -2.027705 0.964921 -0.667644
v -1.944785 1.183111 -0.596870
v -1.710723 1.285998 -0.818406
v -2.027705 0.964921 -0.667644
v -1.944785 1.183111 -0.596870
v -1.614087 1.398116 -0.384429
v -1.710723 1.285998 -0.818406
v -1.399251 0.757883 -0.651280
v -1.710723 1.285998 -0.818406
v -1.614087 1.398116 -0.384429
v -1.399251 0.757883 -0.651280
v -1.825140 0.676531 -0.945536
v -1.710723 1.285998 -0.818406
v -1.429328 0.852872 -0.148534
v -1.399251 0.757883 -0.651280
v -1.614087 1.398116 -0.384429
v -0.947783 -0.786105 -0.402020
v -1.399251 0.757883 -0.651280
v -1.429328 0.852872 -0.148534
v -0.947783 -0.786105 -0.402020
v -0.911882 -0.808888 -0.869773
v -1.399251 0.757883 -0.651280
v 1.697628 -0.618280 -0.787081
v 1.420513 -0.580623 0.678227
v -0.876286 -0.563583 0.729579
v 1.420513 -0.580623 0.678227
v 0.344562 -0.550541 1.599185
v -0.876286 -0.563583 0.729579
v 1.697628 -0.618280 -0.787081
v -0.876286 -0.563583 0.729579
v -1.305399 -0.613148 -1.288431
v -1.523098 1.189407 0.164317
v -1.305399 -0.613148 -1.288431
v -0.876286 -0.563583 0.729579
v -0.822244 2.854388 0.909772
v 0.344562 -0.550541 1.599185
v 1.236735 0.558807 1.159548
v -1.411755 2.581132 -0.400842
v -1.305399 -0.613148 -1.288431
v -1.523098 1.189407 0.164317
v -0.822244 2.854388 0.909772
v -1.411755 2.581132 -0.400842
v -1.523098 1.189407 0.164317
v -0.431350 3.442261 0.638493
v -0.822244 2.854388 0.909772
v 0.559343 3.154750 0.483845
v -0.431350 3.442261 0.638493
v -1.411755 2.581132 -0.400842
v -0.822244 2.854388 0.909772
v -0.431350 3.442261 0.638493
v -0.865034 2.282863 -1.085013
v -1.411755 2.581132 -0.400842
v -0.431350 3.442261 0.638493
v 0.032057 2.563656 -1.260750
v -0.865034 2.282863 -1.085013
v 0.559343 3.154750 0.483845
v 1.054669 2.360056 -0.803740
v 0.032057 2.563656 -1.260750
v 1.697628 -0.618280 -0.787081
v 1.236735 0.558807 1.159548
v 1.420513 -0.580623 0.678227
v 1.420513 -0.580623 0.678227
v 1.236735 0.558807 1.159548
v 0.344562 -0.550541 1.599185
v 0.559343 3.154750 0.483845
v 1.236735 0.558807 1.159548
v 1.054669 2.360056 -0.803740
v -0.822244 2.854388 0.909772
v 1.236735 0.558807 1.159548
v 0.559343 3.154750 0.483845
v -0.431350 3.442261 0.638493
v 0.559343 3.154750 0.483845
v 0.032057 2.563656 -1.260750
v -0.865034 2.282863 -1.085013
v -1.305399 -0.613148 -1.288431
v -1.411755 2.581132 -0.400842
v 1.697628 -0.618280 -0.787081
v 1.054669 2.360056 -0.803740
v 1.236735 0.558807 1.159548
v 0.032057 2.563656 -1.260750
v 1.054669 2.360056 -0.803740
v -0.259069 0.647100 -1.161317
v -0.865034 2.282863 -1.085013
v -0.259069 0.647100 -1.161317
v -0.948874 0.373473 -1.429214
v 1.697628 -0.618280 -0.787081
v -1.305399 -0.613148 -1.288431
v -0.151449 -0.258434 -1.889961
v -0.865034 2.282863 -1.085013
v -0.948874 0.373473 -1.429214
v -1.305399 -0.613148 -1.288431
v -0.151449 -0.258434 -1.889961
v -1.305399 -0.613148 -1.288431
v -0.948874 0.373473 -1.429214
v -0.151449 -0.258434 -1.889961
v -0.948874 0.373473 -1.429214
v -0.259069 0.647100 -1.161317
v 1.697628 -0.618280 -0.787081
v -0.151449 -0.258434 -1.889961
v -0.259069 0.647100 -1.161317
v 1.697628 -0.618280 -0.787081
v -0.259069 0.647100 -1.161317
v 1.054669 2.360056 -0.803740
v -1.063731 -0.745387 -0.435626
v -1.373311 -0.240276 -0.158966
v -1.162216 -0.045698 -0.196591
v -1.063731 -0.745387 -0.435626
v -1.220202 -0.857358 -0.325299
v -1.373311 -0.240276 -0.158966
v -1.220202 -0.857358 -0.325299
v -1.426467 -0.112183 0.093738
v -1.373311 -0.240276 -0.158966
v -1.220202 -0.857358 -0.325299
v -1.401370 -0.338612 0.142422
v -1.426467 -0.112183 0.093738
v -1.401370 -0.338612 0.142422
v -1.220202 -0.857358 -0.325299
v -1.280058 -0.944468 -0.115319
v -1.808501 0.031222 -1.248096
v -0.911882 -0.808888 -0.869773
v -1.348605 -0.804428 -1.295228
v -0.911882 -0.808888 -0.869773
v -1.808501 0.031222 -1.248096
v -1.825140 0.676531 -0.945536
v -0.911882 -0.808888 -0.869773
v -1.825140 0.676531 -0.945536
v -1.399251 0.757883 -0.651280
v 0.344562 -0.550541 1.599185
v -0.822244 2.854388 0.909772
v -0.781356 1.079304 0.645653
v -1.523098 1.189407 0.164317
v -0.781356 1.079304 0.645653
v -0.822244 2.854388 0.909772
v -1.523098 1.189407 0.164317
v -1.298813 0.480138 0.958894
v -0.781356 1.079304 0.645653
v -0.781356 1.079304 0.645653
v -1.298813 0.480138 0.958894
v 0.344562 -0.550541 1.599185
v -1.523098 1.189407 0.164317
v -0.876286 -0.563583 0.729579
v -1.298813 0.480138 0.958894
v -0.876286 -0.563583 0.729579
v 0.344562 -0.550541 1.599185
v -1.298813 0.480138 0.958894
v 1.458169 -0.806663 -1.310946
v 1.354437 0.303622 -1.552618
v 1.498812 -0.055095 -1.283395
v 1.458169 -0.806663 -1.310946
v 1.222427 -0.160926 -1.666310
v 1.354437 0.303622 -1.552618
v 1.222427 -0.160926 -1.666310
v 1.458169 -0.806663 -1.310946
v 1.221971 -0.812094 -1.627614
v -1.348605 -0.804428 -1.295228
v -1.725385 -0.799913 -1.031404
v -1.808501 0.031222 -1.248096
v -2.102166 -0.795399 -0.767579
v -1.851737 -0.799860 -0.211680
v -2.034664 0.226765 -0.428416
v -1.725385 -0.799913 -1.031404
v -2.102166 -0.795399 -0.767579
v -2.034664 0.226765 -0.428416
v -1.725385 -0.799913 -1.031404
v -2.034664 0.226765 -0.428416
v -1.808501 0.031222 -1.248096
v -1.808501 0.031222 -1.248096
v -2.034664 0.226765 -0.428416
v -1.825140 0.676531 -0.945536
v 0.032057 2.563656 -1.260750
v -0.259069 0.647100 -1.161317
v -0.865034 2.282863 -1.085013
v -0.783662 -0.699226 -0.223546
v -1.063731 -0.745387 -0.435626
v -1.162216 -0.045698 -0.196591
v -0.783662 -0.699226 -0.223546
v -1.162216 -0.045698 -0.196591
v -1.209956 -0.152099 0.214725
v -1.290727 0.185456 0.221754
v -1.190149 0.135603 0.148486
v -1.334841 0.528666 0.393660
v -1.209956 -0.152099 0.214725
v -1.162216 -0.045698 -0.196591
v -1.190149 0.135603 0.148486
v -1.209956 -0.152099 0.214725
v -1.190149 0.135603 0.148486
v -1.290727 0.185456 0.221754
v -1.426467 -0.112183 0.093738
v -1.209956 -0.152099 0.214725
v -1.290727 0.185456 0.221754
v -1.426467 -0.112183 0.093738
v -1.290727 0.185456 0.221754
v -1.469973 0.316985 0.228933
v -1.280058 -0.944468 -0.115319
v -1.083868 -0.879671 -0.048286
v -1.401370 -0.338612 0.142422
v -0.887678 -0.814873 0.018748
v -0.783662 -0.699226 -0.223546
v -1.209956 -0.152099 0.214725
v -1.083868 -0.879671 -0.048286
v -0.887678 -0.814873 0.018748
v -1.209956 -0.152099 0.214725
v -1.083868 -0.879671 -0.048286
v -1.209956 -0.152099 0.214725
v -1.401370 -0.338612 0.142422
v -1.401370 -0.338612 0.142422
v -1.209956 -0.152099 0.214725
v -1.426467 -0.112183 0.093738
v -1.334841 0.528666 0.393660
v -1.190149 0.135603 0.148486
v -1.317374 0.529470 0.191975
v -1.334841 0.528666 0.393660
v -1.469973 0.316985 0.228933
v -1.290727 0.185456 0.221754
v -1.373311 -0.240276 -0.158966
v -1.469973 0.316985 0.228933
v -1.317374 0.529470 0.191975
v -1.373311 -0.240276 -0.158966
v -1.426467 -0.112183 0.093738
v -1.469973 0.316985 0.228933
v -1.334841 0.528666 0.393660
v -1.317374 0.529470 0.191975
v -1.469973 0.316985 0.228933
v -1.162216 -0.045698 -0.196591
v -1.317374 0.529470 0.191975
v -1.190149 0.135603 0.148486
v -1.162216 -0.045698 -0.196591
v -1.373311 -0.240276 -0.158966
v -1.317374 0.529470 0.191975
v 1.598086 -0.784319 0.635553
v 1.139902 -0.707765 0.637817
v 1.548578 0.221594 0.758754
v 1.761309 -0.163776 0.891855
v 1.786788 0.211904 0.961679
v 1.903249 0.649818 1.149934
v 1.761309 -0.163776 0.891855
v 1.548578 0.221594 0.758754
v 1.786788 0.211904 0.961679
v 1.598086 -0.784319 0.635553
v 1.548578 0.221594 0.758754
v 1.761309 -0.163776 0.891855
v 1.633387 0.033525 1.164910
v 1.761309 -0.163776 0.891855
v 1.978620 0.408518 1.094090
v 1.633387 0.033525 1.164910
v 1.978620 0.408518 1.094090
v 1.914835 0.814537 1.296255
v 1.228666 -0.826338 1.107362
v 1.441822 -0.838407 1.018407
v 1.542257 -0.303720 1.245262
v 1.654978 -0.850476 0.929451
v 1.598086 -0.784319 0.635553
v 1.761309 -0.163776 0.891855
v 1.441822 -0.838407 1.018407
v 1.654978 -0.850476 0.929451
v 1.761309 -0.163776 0.891855
v 1.441822 -0.838407 1.018407
v 1.761309 -0.163776 0.891855
v 1.542257 -0.303720 1.245262
v 1.542257 -0.303720 1.245262
v 1.761309 -0.163776 0.891855
v 1.633387 0.033525 1.164910
v 1.066547 -0.753126 0.857668
v 1.633387 0.033525 1.164910
v 1.467654 0.136975 0.988126
v 1.066547 -0.753126 0.857668
v 1.542257 -0.303720 1.245262
v 1.633387 0.033525 1.164910
v 1.542257 -0.303720 1.245262
v 1.066547 -0.753126 0.857668
v 1.228666 -0.826338 1.107362
v 1.903249 0.649818 1.149934
v 1.786788 0.211904 0.961679
v 1.887917 0.658440 1.035535
v 1.761309 -0.163776 0.891855
v 1.903249 0.649818 1.149934
v 1.978620 0.408518 1.094090
v 1.903249 0.649818 1.149934
v 1.914835 0.814537 1.296255
v 1.978620 0.408518 1.094090
v 1.467654 0.136975 0.988126
v 1.914835 0.814537 1.296255
v 1.887917 0.658440 1.035535
v 1.467654 0.136975 0.988126
v 1.633387 0.033525 1.164910
v 1.914835 0.814537 1.296255
v 1.903249 0.649818 1.149934
v 1.887917 0.658440 1.035535
v 1.914835 0.814537 1.296255
v 1.548578 0.221594 0.758754
v 1.887917 0.658440 1.035535
v 1.786788 0.211904 0.961679
v 1.548578 0.221594 0.758754
v 1.467654 0.136975 0.988126
v 1.887917 0.658440 1.035535
v 1.139902 -0.707765 0.637817
v 1.467654 0.136975 0.988126
v 1.548578 0.221594 0.758754
v 1.139902 -0.707765 0.637817
v 1.066547 -0.753126 0.857668
v 1.467654 0.136975 0.988126
v 1.417886 -0.748683 1.748665
v 1.237107 -0.736618 0.958758
v 1.377407 0.568309 1.284070
v 1.417886 -0.748683 1.748665
v 1.377407 0.568309 1.284070
v 1.230595 0.019092 1.912422
v 0.736024 0.413624 1.736573
v 1.230595 0.019092 1.912422
v 0.818677 1.281811 1.865542
v 0.736024 0.413624 1.736573
v 0.818677 1.281811 1.865542
v 0.796571 1.500633 1.577374
v 0.459847 -0.752690 1.323978
v 0.697005 -0.748730 1.650398
v 0.583081 -0.152437 1.726612
v 0.934163 -0.744770 1.976817
v 1.417886 -0.748683 1.748665
v 1.230595 0.019092 1.912422
v 0.697005 -0.748730 1.650398
v 0.934163 -0.744770 1.976817
v 1.230595 0.019092 1.912422
v 0.697005 -0.748730 1.650398
v 1.230595 0.019092 1.912422
v 0.583081 -0.152437 1.726612
v 0.583081 -0.152437 1.726612
v 1.230595 0.019092 1.912422
v 0.736024 0.413624 1.736573
v 0.826310 -0.756603 0.934432
v 0.736024 0.413624 1.736573
v 1.025403 0.484985 1.358539
v 0.826310 -0.756603 0.934432
v 0.583081 -0.152437 1.726612
v 0.736024 0.413624 1.736573
v 0.583081 -0.152437 1.726612
v 0.826310 -0.756603 0.934432
v 0.459847 -0.752690 1.323978
v 1.218701 1.203153 1.815332
v 1.230595 0.019092 1.912422
v 1.377407 0.568309 1.284070
v 1.230595 0.019092 1.912422
v 1.218701 1.203153 1.815332
v 0.818677 1.281811 1.865542
v 1.218701 1.203153 1.815332
v 0.796571 1.500633 1.577374
v 0.818677 1.281811 1.865542
v 1.025403 0.484985 1.358539
v 0.796571 1.500633 1.577374
v 1.179679 1.439931 1.471007
v 1.025403 0.484985 1.358539
v 0.736024 0.413624 1.736573
v 0.796571 1.500633 1.577374
v 1.218701 1.203153 1.815332
v 1.179679 1.439931 1.471007
v 0.796571 1.500633 1.577374
v 1.377407 0.568309 1.284070
v 1.179679 1.439931 1.471007
v 1.218701 1.203153 1.815332
v 1.377407 0.568309 1.284070
v 1.025403 0.484985 1.358539
v 1.179679 1.439931 1.471007
v 1.237107 -0.736618 0.958758
v 1.025403 0.484985 1.358539
v 1.377407 0.568309 1.284070
v 1.237107 -0.736618 0.958758
v 0.826310 -0.756603 0.934432
v 1.025403 0.484985 1.358539
v 0.906233 -0.822281 -0.733635
v 1.464332 -0.788835 -0.938661
v 1.311173 0.170707 -0.737461
v 0.906233 -0.822281 -0.733635
v 1.311173 0.170707 -0.737461
v 0.780194 0.260607 -1.213144
v 0.978025 0.837255 -1.288042
v 1.228410 0.663623 -0.953934
v 0.993745 1.516118 -1.259506
v 0.780194 0.260607 -1.213144
v 1.311173 0.170707 -0.737461
v 1.228410 0.663623 -0.953934
v 0.780194 0.260607 -1.213144
v 1.228410 0.663623 -0.953934
v 0.978025 0.837255 -1.288042
v 1.354437 0.303622 -1.552618
v 0.780194 0.260607 -1.213144
v 0.978025 0.837255 -1.288042
v 1.354437 0.303622 -1.552618
v 0.978025 0.837255 -1.288042
v 1.191069 1.089481 -1.463426
v 1.221971 -0.812094 -1.627614
v 0.944251 -0.819902 -1.390790
v 1.222427 -0.160926 -1.666310
v 0.666531 -0.827709 -1.153966
v 0.906233 -0.822281 -0.733635
v 0.780194 0.260607 -1.213144
v 0.944251 -0.819902 -1.390790
v 0.666531 -0.827709 -1.153966
v 0.780194 0.260607 -1.213144
v 0.944251 -0.819902 -1.390790
v 0.780194 0.260607 -1.213144
v 1.222427 -0.160926 -1.666310
v 1.222427 -0.160926 -1.666310
v 0.780194 0.260607 -1.213144
v 1.354437 0.303622 -1.552618
v 0.993745 1.516118 -1.259506
v 1.228410 0.663623 -0.953934
v 1.350792 1.406136 -1.131489
v 0.993745 1.516118 -1.259506
v 1.191069 1.089481 -1.463426
v 0.978025 0.837255 -1.288042
v 1.498812 -0.055095 -1.283395
v 1.191069 1.089481 -1.463426
v 1.350792 1.406136 -1.131489
v 1.498812 -0.055095 -1.283395
v 1.354437 0.303622 -1.552618
v 1.191069 1.089481 -1.463426
v 0.993745 1.516118 -1.259506
v 1.350792 1.406136 -1.131489
v 1.191069 1.089481 -1.463426
v 1.311173 0.170707 -0.737461
v 1.350792 1.406136 -1.131489
v 1.228410 0.663623 -0.953934
v 1.311173 0.170707 -0.737461
v 1.498812 -0.055095 -1.283395
v 1.350792 1.406136 -1.131489
v 1.464332 -0.788835 -0.938661
v 1.498812 -0.055095 -1.283395
v 1.311173 0.170707 -0.737461
v 1.464332 -0.788835 -0.938661
v 1.458169 -0.806663 -1.310946
v 1.498812 -0.055095 -1.283395
v -1.851737 -0.799860 -0.211680
v -0.947783 -0.786105 -0.402020
v -1.429328 0.852872 -0.148534
v -2.034664 0.226765 -0.428416
v -1.971985 0.984448 -0.430960
v -1.944785 1.183111 -0.596870
v -2.034664 0.226765 -0.428416
v -1.429328 0.852872 -0.148534
v -1.971985 0.984448 -0.430960
v -1.851737 -0.799860 -0.211680
v -1.429328 0.852872 -0.148534
v -2.034664 0.226765 -0.428416
v -1.825140 0.676531 -0.945536
v -2.034664 0.226765 -0.428416
v -2.027705 0.964921 -0.667644
v -1.825140 0.676531 -0.945536
v -2.027705 0.964921 -0.667644
v -1.710723 1.285998 -0.818406
v -1.944785 1.183111 -0.596870
v -1.971985 0.984448 -0.430960
v -1.614087 1.398116 -0.384429
v -1.429328 0.852872 -0.148534
v -1.614087 1.398116 -0.384429
v -1.971985 0.984448 -0.430960
v -2.034664 0.226765 -0.428416
v -1.944785 1.183111 -0.596870
v -2.027705 0.964921 -0.667644
v -1.944785 1.183111 -0.596870
v -1.710723 1.285998 -0.818406
v -2.027705 0.964921 -0.667644
v -1.944785 1.183111 -0.596870
v -1.614087 1.398116 -0.384429
v -1.710723 1.285998 -0.818406
v -1.399251 0.757883 -0.651280
v -1.710723 1.285998 -0.818406
v -1.614087 1.398116 -0.384429
v -1.399251 0.757883 -0.651280
v -1.825140 0.676531 -0.945536
v -1.710723 1.285998 -0.818406
v -1.429328 0.852872 -0.148534
v -1.399251 0.757883 -0.651280
v -1.614087 1.398116 -0.384429
v -0.947783 -0.786105 -0.402020
v -1.399251 0.757883 -0.651280
v -1.429328 0.852872 -0.148534
v -0.947783 -0.786105 -0.402020
v -0.911882 -0.808888 -0.869773
v -1.399251 0.757883 -0.651280
v 1.697628 -0.618280 -0.787081
v 1.420513 -0.580623 0.678227
v -0.876286 -0.563583 0.729579
v 1.420513 -0.580623 0.678227
v 0.344562 -0.550541 1.599185
v -0.876286 -0.563583 0.729579
v 1.697628 -0.618280 -0.787081
v -0.876286 -0.563583 0.729579
v -1.305399 -0.613148 -1.288431
v -1.523098 1.189407 0.164317
v -1.305399 -0.613148 -1.288431
v -0.876286 -0.563583 0.729579
v -0.822244 2.854388 0.909772
v 0.344562 -0.550541 1.599185
v 1.236735 0.558807 1.159548
v -1.411755 2.581132 -0.400842
v -1.305399 -0.613148 -1.288431
v -1.523098 1.189407 0.164317
v -0.822244 2.854388 0.909772
v -1.411755 2.581132 -0.400842
v -1.523098 1.189407 0.164317
v -0.431350 3.442261 0.638493
v -0.822244 2.854388 0.909772
v 0.559343 3.154750 0.483845
v -0.431350 3.442261 0.638493
v -1.411755 2.581132 -0.400842
v -0.822244 2.854388 0.909772
v -0.431350 3.442261 0.638493
v -0.865034 2.282863 -1.085013
v -1.411755 2.581132 -0.400842
v -0.431350 3.442261 0.638493
v 0.032057 2.563656 -1.260750
v -0.865034 2.282863 -1.085013
v 0.559343 3.154750 0.483845
v 1.054669 2.360056 -0.803740
v 0.032057 2.563656 -1.260750
v 1.697628 -0.618280 -0.787081
v 1.236735 0.558807 1.159548
v 1.420513 -0.580623 0.678227
v 1.420513 -0.580623 0.678227
v 1.236735 0.558807 1.159548
v 0.344562 -0.550541 1.599185
v 0.559343 3.154750 0.483845
v 1.236735 0.558807 1.159548
v 1.054669 2.360056 -0.803740
v -0.822244 2.854388 0.909772
v 1.236735 0.558807 1.159548
v 0.559343 3.154750 0.483845
v -0.431350 3.442261 0.638493
v 0.559343 3.154750 0.483845
v 0.032057 2.563656 -1.260750
v -0.865034 2.282863 -1.085013
v -1.305399 -0.613148 -1.288431
v -1.411755 2.581132 -0.400842
v 1.697628 -0.618280 -0.787081
v 1.054669 2.360056 -0.803740
v 1.236735 0.558807 1.159548
v 0.032057 2.563656 -1.260750
v 1.054669 2.360056 -0.803740
v -0.259069 0.647100 -1.161317
v -0.865034 2.282863 -1.085013
v -0.259069 0.647100 -1.161317
v -0.948874 0.373473 -1.429214
v 1.697628 -0.618280 -0.787081
v -1.305399 -0.613148 -1.288431
v -0.151449 -0.258434 -1.889961
v -0.865034 2.282863 -1.085013
v -0.948874 0.373473 -1.429214
v -1.305399 -0.613148 -1.288431
v -0.151449 -0.258434 -1.889961
v -1.305399 -0.613148 -1.288431
v -0.948874 0.373473 -1.429214
v -0.151449 -0.258434 -1.889961
v -0.948874 0.373473 -1.429214
v -0.259069 0.647100 -1.161317
v 1.697628 -0.618280 -0.787081
v -0.151449 -0.258434 -1.889961
v -0.259069 0.647100 -1.161317
v 1.697628 -0.618280 -0.787081
v -0.259069 0.647100 -1.161317
v 1.054669 2.360056 -0.803740
v -1.063731 -0.745387 -0.435626
v -1.373311 -0.240276 -0.158966
v -1.162216 -0.045698 -0.196591
v -1.063731 -0.745387 -0.435626
v -1.220202 -0.857358 -0.325299
v -1.373311 -0.240276 -0.158966
v -1.220202 -0.857358 -0.325299
v -1.426467 -0.112183 0.093738
v -1.373311 -0.240276 -0.158966
v -1.220202 -0.857358 -0.325299
v -1.401370 -0.338612 0.142422
v -1.426467 -0.112183 0.093738
v -1.401370 -0.338612 0.142422
v -1.220202 -0.857358 -0.325299
v -1.280058 -0.944468 -0.115319
v -1.808501 0.031222 -1.248096
v -0.911882 -0.808888 -0.869773
v -1.348605 -0.804428 -1.295228
v -0.911882 -0.808888 -0.869773
v -1.808501 0.031222 -1.248096
v -1.825140 0.676531 -0.945536
v -0.911882 -0.808888 -0.869773
v -1.825140 0.676531 -0.945536
v -1.399251 0.757883 -0.651280
v 0.344562 -0.550541 1.599185
v -0.822244 2.854388 0.909772
v -0.781356 1.079304 0.645653
v -1.523098 1.189407 0.164317
v -0.781356 1.079304 0.645653
v -0.822244 2.854388 0.909772
v -1.523098 1.189407 0.164317
v -1.298813 0.480138 0.958894
v -0.781356 1.079304 0.645653
v -0.781356 1.079304 0.645653
v -1.298813 0.480138 0.958894
v 0.344562 -0.550541 1.599185
v -1.523098 1.189407 0.164317
v -0.876286 -0.563583 0.729579
v -1.298813 0.480138 0.958894
v -0.876286 -0.563583 0.729579
v 0.344562 -0.550541 1.599185
v -1.298813 0.480138 0.958894
v 1.458169 -0.806663 -1.310946
v 1.354437 0.303622 -1.552618
v 1.498812 -0.055095 -1.283395
v 1.458169 -0.806663 -1.310946
v 1.222427 -0.160926 -1.666310
v 1.354437 0.303622 -1.552618
v 1.222427 -0.160926 -1.666310
v 1.458169 -0.806663 -1.310946
v 1.221971 -0.812094 -1.627614
v -1.348605 -0.804428 -1.295228
v -1.725385 -0.799913 -1.031404
v -1.808501 0.031222 -1.248096
v -2.102166 -0.795399 -0.767579
v -1.851737 -0.799860 -0.211680
v -2.034664 0.226765 -0.428416
v -1.725385 -0.799913 -1.031404
v -2.102166 -0.795399 -0.767579
v -2.034664 0.226765 -0.428416
v -1.725385 -0.799913 -1.031404
v -2.034664 0.226765 -0.428416
v -1.808501 0.031222 -1.248096
v -1.808501 0.031222 -1.248096
v -2.034664 0.226765 -0.428416
v -1.825140 0.676531 -0.945536
v 0.032057 2.563656 -1.260750
v -0.259069 0.647100 -1.161317
v -0.865034 2.282863 -1.085013
v -0.783662 -0.699226 -0.223546
v -1.063731 -0.745387 -0.435626
v -1.162216 -0.045698 -0.196591
v -0.783662 -0.699226 -0.223546
v -1.162216 -0.045698 -0.196591
v -1.209956 -0.152099 0.214725
v -1.290727 0.185456 0.221754
v -1.190149 0.135603 0.148486
v -1.334841 0.528666 0.393660
v -1.209956 -0.152099 0.214725
v -1.162216 -0.045698 -0.196591
v -1.190149 0.135603 0.148486
v -1.209956 -0.152099 0.214725
v -1.190149 0.135603 0.148486
v -1.290727 0.185456 0.221754
v -1.426467 -0.112183 0.093738
v -1.209956 -0.152099 0.214725
v -1.290727 0.185456 0.221754
v -1.426467 -0.112183 0.093738
v -1.290727 0.185456 0.221754
v -1.469973 0.316985 0.228933
v -1.280058 -0.944468 -0.115319
v -1.083868 -0.879671 -0.048286
v -1.401370 -0.338612 0.142422
v -0.887678 -0.814873 0.018748
v -0.783662 -0.699226 -0.223546
v -1.209956 -0.152099 0.214725
v -1.083868 -0.879671 -0.048286
v -0.887678 -0.814873 0.018748
v -1.209956 -0.152099 0.214725
v -1.083868 -0.879671 -0.048286
v -1.209956 -0.152099 0.214725
v -1.401370 -0.338612 0.142422
v -1.401370 -0.338612 0.142422
v -1.209956 -0.152099 0.214725
v -1.426467 -0.112183 0.093738
v -1.334841 0.528666 0.393660
v -1.190149 0.135603 0.148486
v -1.317374 0.529470 0.191975
v -1.334841 0.528666 0.393660
v -1.469973 0.316985 0.228933
v -1.290727 0.185456 0.221754
v -1.373311 -0.240276 -0.158966
v -1.469973 0.316985 0.228933
v -1.317374 0.529470 0.191975
v -1.373311 -0.240276 -0.158966
v -1.426467 -0.112183 0.093738
v -1.469973 0.316985 0.228933
v -1.334841 0.528666 0.393660
v -1.317374 0.529470 0.191975
v -1.469973 0.316985 0.228933
v -1.162216 -0.045698 -0.196591
v -1.317374 0.529470 0.191975
v -1.190149 0.135603 0.148486
v -1.162216 -0.045698 -0.196591
v -1.373311 -0.240276 -0.158966
v -1.317374 0.529470 0.191975
v 1.598086 -0.784319 0.635553
v 1.139902 -0.707765 0.637817
v 1.548578 0.221594 0.758754
v 1.761309 -0.163776 0.891855
v 1.786788 0.211904 0.961679
v 1.903249 0.649818 1.149934
v 1.761309 -0.163776 0.891855
v 1.548578 0.221594 0.758754
v 1.786788 0.211904 0.961679
v 1.598086 -0.784319 0.635553
v 1.548578 0.221594 0.758754
v 1.761309 -0.163776 0.891855
v 1.633387 0.033525 1.164910
v 1.761309 -0.163776 0.891855
v 1.978620 0.408518 1.094090
v 1.633387 0.033525 1.164910
v 1.978620 0.408518 1.094090
v 1.914835 0.814537 1.296255
v 1.228666 -0.826338 1.107362
v 1.441822 -0.838407 1.018407
v 1.542257 -0.303720 1.245262
v 1.654978 -0.850476 0.929451
v 1.598086 -0.784319 0.635553
v 1.761309 -0.163776 0.891855
v 1.441822 -0.838407 1.018407
v 1.654978 -0.850476 0.929451
v 1.761309 -0.163776 0.891855
v 1.441822 -0.838407 1.018407
v 1.761309 -0.163776 0.891855
v 1.542257 -0.303720 1.245262
v 1.542257 -0.303720 1.245262
v 1.761309 -0.163776 0.891855
v 1.633387 0.033525 1.164910
v 1.066547 -0.753126 0.857668
v 1.633387 0.033525 1.164910
v 1.467654 0.136975 0.988126
v 1.066547 -0.753126 0.857668
v 1.542257 -0.303720 1.245262
v 1.633387 0.033525 1.164910
v 1.542257 -0.303720 1.245262
v 1.066547 -0.753126 0.857668
v 1.228666 -0.826338 1.107362
v 1.903249 0.649818 1.149934
v 1.786788 0.211904 0.961679
v 1.887917 0.658440 1.035535
v 1.761309 -0.163776 0.891855
v 1.903249 0.649818 1.149934
v 1.978620 0.408518 1.094090
v 1.903249 0.649818 1.149934
v 1.914835 0.814537 1.296255
v 1.978620 0.408518 1.094090
v 1.467654 0.136975 0.988126
v 1.914835 0.814537 1.296255
v 1.887917 0.658440 1.035535
v 1.467654 0.136975 0.988126
v 1.633387 0.033525 1.164910
v 1.914835 0.814537 1.296255
v 1.903249 0.649818 1.149934
v 1.887917 0.658440 1.035535
v 1.914835 0.814537 1.296255
v 1.548578 0.221594 0.758754
v 1.887917 0.658440 1.035535
v 1.786788 0.211904 0.961679
v 1.548578 0.221594 0.758754
v 1.467654 0.136975 0.988126
v 1.887917 0.658440 1.035535
v 1.139902 -0.707765 0.637817
v 1.467654 0.136975 0.988126
v 1.548578 0.221594 0.758754
v 1.139902 -0.707765 0.637817
v 1.066547 -0.753126 0.857668
v 1.467654 0.136975 0.988126
v 1.417886 -0.748683 1.748665
v 1.237107 -0.736618 0.958758
v 1.377407 0.568309 1.284070
v 1.417886 -0.748683 1.748665
v 1.377407 0.568309 1.284070
v 1.230595 0.019092 1.912422
v 0.736024 0.413624 1.736573
v 1.230595 0.019092 1.912422
v 0.818677 1.281811 1.865542
v 0.736024 0.413624 1.736573
v 0.818677 1.281811 1.865542
v 0.796571 1.500633 1.577374
v 0.459847 -0.752690 1.323978
v 0.697005 -0.748730 1.650398
v 0.583081 -0.152437 1.726612
v 0.934163 -0.744770 1.976817
v 1.417886 -0.748683 1.748665
v 1.230595 0.019092 1.912422
v 0.697005 -0.748730 1.650398
v 0.934163 -0.744770 1.976817
v 1.230595 0.019092 1.912422
v 0.697005 -0.748730 1.650398
v 1.230595 0.019092 1.912422
v 0.583081 -0.152437 1.726612
v 0.583081 -0.152437 1.726612
v 1.230595 0.019092 1.912422
v 0.736024 0.413624 1.736573
v 0.826310 -0.756603 0.934432
v 0.736024 0.413624 1.736573
v 1.025403 0.484985 1.358539
v 0.826310 -0.756603 0.934432
v 0.583081 -0.152437 1.726612
v 0.736024 0.413624 1.736573
v 0.583081 -0.152437 1.726612
v 0.826310 -0.756603 0.934432
v 0.459847 -0.752690 1.323978
v 1.218701 1.203153 1.815332
v 1.230595 0.019092 1.912422
v 1.377407 0.568309 1.284070
v 1.230595 0.019092 1.912422
v 1.218701 1.203153 1.815332
v 0.818677 1.281811 1.865542
v 1.218701 1.203153 1.815332
v 0.796571 1.500633 1.577374
v 0.818677 1.281811 1.865542
v 1.025403 0.484985 1.358539
v 0.796571 1.500633 1.577374
v 1.179679 1.439931 1.471007
v 1.025403 0.484985 1.358539
v 0.736024 0.413624 1.736573
v 0.796571 1.500633 1.577374
v 1.218701 1.203153 1.815332
v 1.179679 1.439931 1.471007
v 0.796571 1.500633 1.577374
v 1.377407 0.568309 1.284070
v 1.179679 1.439931 1.471007
v 1.218701 1.203153 1.815332
v 1.377407 0.568309 1.284070
v 1.025403 0.484985 1.358539
v 1.179679 1.439931 1.471007
v 1.237107 -0.736618 0.958758
v 1.025403 0.484985 1.358539
v 1.377407 0.568309 1.284070
v 1.237107 -0.736618 0.958758
v 0.826310 -0.756603 0.934432
v 1.025403 0.484985 1.358539
v 0.906233 -0.822281 -0.733635
v 1.464332 -0.788835 -0.938661
v 1.311173 0.170707 -0.737461
v 0.906233 -0.822281 -0.733635
v 1.311173 0.170707 -0.737461
v 0.780194 0.260607 -1.213144
v 0.978025 0.837255 -1.288042
v 1.228410 0.663623 -0.953934
v 0.993745 1.516118 -1.259506
v 0.780194 0.260607 -1.213144
v 1.311173 0.170707 -0.737461
v 1.228410 0.663623 -0.953934
v 0.780194 0.260607 -1.213144
v 1.228410 0.663623 -0.953934
v 0.978025 0.837255 -1.288042
v 1.354437 0.303622 -1.552618
v 0.780194 0.260607 -1.213144
v 0.978025 0.837255 -1.288042
v 1.354437 0.303622 -1.552618
v 0.978025 0.837255 -1.288042
v 1.191069 1.089481 -1.463426
v 1.221971 -0.812094 -1.627614
v 0.944251 -0.819902 -1.390790
v 1.222427 -0.160926 -1.666310
v 0.666531 -0.827709 -1.153966
v 0.906233 -0.822281 -0.733635
v 0.780194 0.260607 -1.213144
v 0.944251 -0.819902 -1.390790
v 0.666531 -0.827709 -1.153966
v 0.780194 0.260607 -1.213144
v 0.944251 -0.819902 -1.390790
v 0.780194 0.260607 -1.213144
v 1.222427 -0.160926 -1.666310
v 1.222427 -0.160926 -1.666310
v 0.780194 0.260607 -1.213144
v 1.354437 0.303622 -1.552618
v 0.993745 1.516118 -1.259506
v 1.228410 0.663623 -0.953934
v 1.350792 1.406136 -1.131489
v 0.993745 1.516118 -1.259506
v 1.191069 1.089481 -1.463426
v 0.978025 0.837255 -1.288042
v 1.498812 -0.055095 -1.283395
v 1.191069 1.089481 -1.463426
v 1.350792 1.406136 -1.131489
v 1.498812 -0.055095 -1.283395
v 1.354437 0.303622 -1.552618
v 1.191069 1.089481 -1.463426
v 0.993745 1.516118 -1.259506
v 1.350792 1.406136 -1.131489
v 1.191069 1.089481 -1.463426
v 1.311173 0.170707 -0.737461
v 1.350792 1.406136 -1.131489
v 1.228410 0.663623 -0.953934
v 1.311173 0.170707 -0.737461
v 1.498812 -0.055095 -1.283395
v 1.350792 1.406136 -1.131489
v 1.464332 -0.788835 -0.938661
v 1.498812 -0.055095 -1.283395
v 1.311173 0.170707 -0.737461
v 1.464332 -0.788835 -0.938661
v 1.458169 -0.806663 -1.310946
v 1.498812 -0.055095 -1.283395
v -1.851737 -0.799860 -0.211680
v -0.947783 -0.786105 -0.402020
v -1.429328 0.852872 -0.148534
v -2.034664 0.226765 -0.428416
v -1.971985 0.984448 -0.430960
v -1.944785 1.183111 -0.596870
v -2.034664 0.226765 -0.428416
v -1.429328 0.852872 -0.148534
v -1.971985 0.984448 -0.430960
v -1.851737 -0.799860 -0.211680
v -1.429328 0.852872 -0.148534
v -2.034664 0.226765 -0.428416
v -1.825140 0.676531 -0.945536
v -2.034664 0.226765 -0.428416
v -2.027705 0.964921 -0.667644
v -1.825140 0.676531 -0.945536
v -2.027705 0.964921 -0.667644
v -1.710723 1.285998 -0.818406
v -1.944785 1.183111 -0.596870
v -1.971985 0.984448 -0.430960
v -1.614087 1.398116 -0.384429
v -1.429328 0.852872 -0.148534
v -1.614087 1.398116 -0.384429
v -1.971985 0.984448 -0.430960
v -2.034664 0.226765 -0.428416
v -1.944785 1.183111 -0.596870
v -2.027705 0.964921 -0.667644
v -1.944785 1.183111 -0.596870
v -1.710723 1.285998 -0.818406
v -2.027705 0.964921 -0.667644
v -1.944785 1.183111 -0.596870
v -1.614087 1.398116 -0.384429
v -1.710723 1.285998 -0.818406
v -1.399251 0.757883 -0.651280
v -1.710723 1.285998 -0.818406
v -1.614087 1.398116 -0.384429
v -1.399251 0.757883 -0.651280
v -1.825140 0.676531 -0.945536
v -1.710723 1.285998 -0.818406
v -1.429328 0.852872 -0.148534
v -1.399251 0.757883 -0.651280
v -1.614087 1.398116 -0.384429
v -0.947783 -0.786105 -0.402020
v -1.399251 0.757883 -0.651280
v -1.429328 0.852872 -0.148534
v -0.947783 -0.786105 -0.402020
v -0.911882 -0.808888 -0.869773
v -1.399251 0.757883 -0.651280
v 1.697628 -0.618280 -0.787081
v 1.420513 -0.580623 0.678227
v -0.876286 -0.563583 0.729579
v 1.420513 -0.580623 0.678227
v 0.344562 -0.550541 1.599185
v -0.876286 -0.563583 0.729579
v 1.697628 -0.618280 -0.787081
v -0.876286 -0.563583 0.729579
v -1.305399 -0.613148 -1.288431
v -1.523098 1.189407 0.164317
v -1.305399 -0.613148 -1.288431
v -0.876286 -0.563583 0.729579
v -0.822244 2.854388 0.909772
v 0.344562 -0.550541 1.599185
v 1.236735 0.558807 1.159548
v -1.411755 2.581132 -0.400842
v -1.305399 -0.613148 -1.288431
v -1.523098 1.189407 0.164317
v -0.822244 2.854388 0.909772
v -1.411755 2.581132 -0.400842
v -1.523098 1.189407 0.164317
v -0.431350 3.442261 0.638493
v -0.822244 2.854388 0.909772
v 0.559343 3.154750 0.483845
v -0.431350 3.442261 0.638493
v -1.411755 2.581132 -0.400842
v -0.822244 2.854388 0.909772
v -0.431350 3.442261 0.638493
v -0.865034 2.282863 -1.085013
v -1.411755 2.581132 -0.400842
v -0.431350 3.442261 0.638493
v 0.032057 2.563656 -1.260750
v -0.865034 2.282863 -1.085013
v 0.559343 3.154750 0.483845
v 1.054669 2.360056 -0.803740
v 0.032057 2.563656 -1.260750
v 1.697628 -0.618280 -0.787081
v 1.236735 0.558807 1.159548
v 1.420513 -0.580623 0.678227
v 1.420513 -0.580623 0.678227
v 1.236735 0.558807 1.159548
v 0.344562 -0.550541 1.599185
v 0.559343 3.154750 0.483845
v 1.236735 0.558807 1.159548
v 1.054669 2.360056 -0.803740
v -0.822244 2.854388 0.909772
v 1.236735 0.558807 1.159548
v 0.559343 3.154750 0.483845
v -0.431350 3.442261 0.638493
v 0.559343 3.154750 0.483845
v 0.032057 2.563656 -1.260750
v -0.865034 2.282863 -1.085013
v -1.305399 -0.613148 -1.288431
v -1.411755 2.581132 -0.400842
v 1.697628 -0.618280 -0.787081
v 1.054669 2.360056 -0.803740
v 1.236735 0.558807 1.159548
v 0.032057 2.563656 -1.260750
v 1.054669 2.360056 -0.803740
v -0.259069 0.647100 -1.161317
v -0.865034 2.282863 -1.085013
v -0.259069 0.647100 -1.161317
v -0.948874 0.373473 -1.429214
v 1.697628 -0.618280 -0.787081
v -1.305399 -0.613148 -1.288431
v -0.151449 -0.258434 -1.889961
v -0.865034 2.282863 -1.085013
v -0.948874 0.373473 -1.429214
v -1.305399 -0.613148 -1.288431
v -0.151449 -0.258434 -1.889961
v -1.305399 -0.613148 -1.288431
v -0.948874 0.373473 -1.429214
v -0.151449 -0.258434 -1.889961
v -0.948874 0.373473 -1.429214
v -0.259069 0.647100 -1.161317
v 1.697628 -0.618280 -0.787081
v -0.151449 -0.258434 -1.889961
v -0.259069 0.647100 -1.161317
v 1.697628 -0.618280 -0.787081
v -0.259069 0.647100 -1.161317
v 1.054669 2.360056 -0.803740
v -1.063731 -0.745387 -0.435626
v -1.373311 -0.240276 -0.158966
v -1.162216 -0.045698 -0.196591
v -1.063731 -0.745387 -0.435626
v -1.220202 -0.857358 -0.325299
v -1.373311 -0.240276 -0.158966
v -1.220202 -0.857358 -0.325299
v -1.426467 -0.112183 0.093738
v -1.373311 -0.240276 -0.158966
v -1.220202 -0.857358 -0.325299
v -1.401370 -0.338612 0.142422
v -1.426467 -0.112183 0.093738
v -1.401370 -0.338612 0.142422
v -1.220202 -0.857358 -0.325299
v -1.280058 -0.944468 -0.115319
v -1.808501 0.031222 -1.248096
v -0.911882 -0.808888 -0.869773
v -1.348605 -0.804428 -1.295228
v -0.911882 -0.808888 -0.869773
v -1.808501 0.031222 -1.248096
v -1.825140 0.676531 -0.945536
v -0.911882 -0.808888 -0.869773
v -1.825140 0.676531 -0.945536
v -1.399251 0.757883 -0.651280
v 0.344562 -0.550541 1.599185
v -0.822244 2.854388 0.909772
v -0.781356 1.079304 0.645653
v -1.523098 1.189407 0.164317
v -0.781356 1.079304 0.645653
v -0.822244 2.854388 0.909772
v -1.523098 1.189407 0.164317
v -1.298813 0.480138 0.958894
v -0.781356 1.079304 0.645653
v -0.781356 1.079304 0.645653
v -1.298813 0.480138 0.958894
v 0.344562 -0.550541 1.599185
v -1.523098 1.189407 0.164317
v -0.876286 -0.563583 0.729579
v -1.298813 0.480138 0.958894
v -0.876286 -0.563583 0.729579
v 0.344562 -0.550541 1.599185
v -1.298813 0.480138 0.958894
v 1.458169 -0.806663 -1.310946
v 1.354437 0.303622 -1.552618
v 1.498812 -0.055095 -1.283395
v 1.458169 -0.806663 -1.310946
v 1.222427 -0.160926 -1.666310
v 1.354437 0.303622 -1.552618
v 1.222427 -0.160926 -1.666310
v 1.458169 -0.806663 -1.310946
v 1.221971 -0.812094 -1.627614
v -1.348605 -0.804428 -1.295228
v -1.725385 -0.799913 -1.031404
v -1.808501 0.031222 -1.248096
v -2.102166 -0.795399 -0.767579
v -1.851737 -0.799860 -0.211680
v -2.034664 0.226765 -0.428416
v -1.725385 -0.799913 -1.031404
v -2.102166 -0.795399 -0.767579
v -2.034664 0.226765 -0.428416
v -1.725385 -0.799913 -1.031404
v -2.034664 0.226765 -0.428416
v -1.808501 0.031222 -1.248096
# 1368 vertices


vt 0.000000 0.500000
vt 1.000000 1.000000
vt 0.000000 1.000000
vt 0.000000 0.000000
vt 1.000000 1.000000
vt 0.500000 1.000000
vt 0.000000 0.000000
vt 1.000000 0.000000
vt 1.000000 1.000000
vt 0.000000 0.000000
vt 1.000000 1.000000
vt 0.000000 1.000000
vt -1.000000 1.000000
vt 1.000000 1.000000
vt 0.000000 1.000000
vt 0.000000 0.000000
vt 1.000000 0.000000
vt 1.000000 1.000000
vt 0.000000 0.000000
vt 1.000000 1.000000
vt 0.000000 1.000000
vt 0.000000 0.000000
vt 1.000000 0.000000
vt 1.000000 1.000000
vt 0.000000 0.000000
vt 1.000000 1.000000
vt 0.000000 1.000000
vt 0.000000 0.000000
vt 0.500000 0.000000
vt 0.000000 0.500000
vt 0.000000 0.000000
vt 1.000000 0.000000
vt 1.000000 1.000000
vt 0.500000 0.000000
vt 1.000000 0.000000
vt 1.000000 1.000000
vt 0.500000 0.000000
vt 1.000000 1.000000
vt 0.000000 0.500000
vt 0.000000 0.500000
vt 1.000000 1.000000
vt 0.000000 1.000000
vt 1.000000 1.000000
vt 0.000000 0.000000
vt 1.000000 0.000000
vt 1.000000 1.000000
vt 0.000000 0.000000
vt 1.000000 0.000000
vt 0.000000 0.000000
vt 1.000000 1.000000
vt 0.000000 1.000000
vt 0.000000 0.000000
vt 1.000000 0.000000
vt 1.000000 1.000000
vt 1.000000 1.000000
vt 1.000000 1.000000
vt 1.000000 1.000000
vt 0.000000 0.000000
vt 1.000000 1.000000
vt 0.000000 1.000000
vt 0.000000 0.000000
vt 1.000000 0.000000
vt 1.000000 1.000000
vt 0.000000 0.000000
vt 1.000000 0.000000
vt 1.000000 1.000000
vt 0.000000 0.000000
vt 1.000000 1.000000
vt 0.000000 1.000000
vt 0.000000 0.000000
vt 1.000000 0.000000
vt 1.000000 1.000000
vt 0.000000 0.000000
vt 1.000000 1.000000
vt 0.000000 1.000000
vt 0.000000 0.000000
vt 1.000000 0.000000
vt 1.000000 1.000000
vt 0.000000 0.000000
vt 1.000000 1.000000
vt 0.000000 1.000000
vt 0.000000 0.000000
vt 0.500000 0.000000
vt 0.000000 0.500000
vt 0.000000 0.000000
vt 1.000000 0.000000
vt 1.000000 1.000000
vt 0.500000 0.000000
vt 1.000000 0.000000
vt 1.000000 1.000000
vt 0.500000 0.000000
vt 1.000000 1.000000
vt 0.000000 0.500000
vt 0.000000 0.500000
vt 1.000000 1.000000
vt 0.000000 1.000000
vt 0.000000 0.000000
vt 1.000000 1.000000
vt 0.000000 1.000000
vt 0.000000 0.000000
vt 1.000000 0.500000
vt 1.000000 1.000000
vt 1.000000 0.500000
vt 0.000000 0.000000
vt 1.000000 0.000000
vt 1.000000 1.000000
vt 0.000000 0.000000
vt 1.000000 0.000000
vt 0.000000 0.000000
vt 1.000000 1.000000
vt 0.000000 1.000000
vt 1.000000 1.000000
vt 0.000000 0.000000
vt 1.000000 0.000000
vt 0.000000 0.000000
vt 1.000000 1.000000
vt 0.000000 1.000000
vt 0.000000 0.000000
vt 1.000000 0.000000
vt 1.000000 1.000000
vt 1.000000 1.000000
vt 1.000000 1.000000
vt 1.000000 1.000000
vt 0.000000 0.000000
vt 1.000000 1.000000
vt 0.000000 1.000000
vt 0.000000 0.000000
vt 1.000000 0.000000
vt 1.000000 1.000000
vt 0.000000 0.000000
vt 1.000000 1.000000
vt 0.000000 1.000000
vt 0.000000 0.000000
vt 1.000000 0.000000
vt 1.000000 1.000000
vt 0.000000 0.000000
vt 1.000000 0.000000
vt 1.000000 1.000000
vt 0.000000 0.000000
vt 1.000000 1.000000
vt 0.000000 1.000000
vt 0.000000 0.000000
vt 1.000000 0.000000
vt 1.000000 1.000000
vt 0.000000 0.000000
vt 1.000000 1.000000
vt 0.000000 1.000000
vt 0.000000 0.000000
vt 0.500000 0.000000
vt 0.000000 0.500000
vt 0.000000 0.000000
vt 1.000000 0.000000
vt 1.000000 1.000000
vt 0.500000 0.000000
vt 1.000000 0.000000
vt 1.000000 1.000000
vt 0.500000 0.000000
vt 1.000000 1.000000
vt 0.000000 0.500000
vt 0.000000 0.500000
vt 1.000000 1.000000
vt 0.000000 1.000000
vt 0.000000 0.000000
vt 1.000000 1.000000
vt 0.000000 1.000000
vt 0.000000 0.000000
vt 1.000000 0.500000
vt 1.000000 1.000000
vt 1.000000 0.500000
vt 0.000000 0.000000
vt 1.000000 0.000000
vt 1.000000 1.000000
vt 0.000000 0.000000
vt 0.000000 -1.000000
vt 0.000000 0.000000
vt 1.000000 1.000000
vt 0.000000 1.000000
vt 1.000000 1.000000
vt 0.000000 0.000000
vt 1.000000 0.000000
vt 0.000000 0.000000
vt 1.000000 1.000000
vt 0.000000 1.000000
vt 0.000000 0.000000
vt 1.000000 0.000000
vt 1.000000 1.000000
vt 1.000000 1.000000
vt 1.000000 1.000000
vt 1.000000 1.000000
vt 0.000000 0.000000
vt 1.000000 1.000000
vt 1.000000 2.000000
vt 0.000000 0.000000
vt 1.000000 0.000000
vt 1.000000 1.000000
vt 0.000000 0.000000
vt 1.000000 1.000000
vt 0.000000 1.000000
vt 0.000000 0.000000
vt 1.000000 0.000000
vt 1.000000 1.000000
vt 0.000000 0.000000
vt 1.000000 0.000000
vt 1.000000 1.000000
vt 0.000000 0.000000
vt 1.000000 1.000000
vt 0.000000 1.000000
vt -1.000000 1.000000
vt 1.000000 1.000000
vt 0.000000 1.000000
vt 0.000000 0.000000
vt 1.000000 0.000000
vt 1.000000 1.000000
vt 0.000000 0.000000
vt 1.000000 1.000000
vt 0.000000 1.000000
vt 0.000000 0.000000
vt 1.000000 0.000000
vt 1.000000 1.000000
vt 0.000000 0.000000
vt 1.000000 1.000000
vt 0.000000 1.000000
vt 0.000000 0.000000
vt 0.500000 0.000000
vt 0.000000 0.500000
vt 0.000000 0.000000
vt 1.000000 0.000000
vt 1.000000 1.000000
vt 0.500000 0.000000
vt 1.000000 0.000000
vt 1.000000 1.000000
vt 0.500000 0.000000
vt 1.000000 1.000000
vt 0.000000 0.500000
vt 0.000000 0.500000
vt 1.000000 1.000000
vt 0.000000 1.000000
vt 1.000000 1.000000
vt 0.000000 0.000000
vt 1.000000 0.000000
vt 1.000000 1.000000
vt 0.000000 0.000000
vt 1.000000 0.000000
vt 0.000000 0.000000
vt 1.000000 1.000000
vt 0.000000 1.000000
vt 0.000000 0.000000
vt 1.000000 0.000000
vt 1.000000 1.000000
vt 1.000000 1.000000
vt 1.000000 1.000000
vt 1.000000 1.000000
vt 0.000000 0.000000
vt 1.000000 1.000000
vt 0.000000 1.000000
vt 0.000000 0.000000
vt 1.000000 0.000000
vt 1.000000 1.000000
vt 0.000000 0.000000
vt 1.000000 1.000000
vt 0.000000 1.000000
vt 0.000000 0.000000
vt 1.000000 0.000000
vt 1.000000 1.000000
vt 0.000000 0.000000
vt 1.000000 0.000000
vt 1.000000 1.000000
vt 0.000000 0.000000
vt 1.000000 1.000000
vt 0.000000 1.000000
vt 0.000000 0.000000
vt 1.000000 0.000000
vt 1.000000 1.000000
vt 0.000000 0.000000
vt 1.000000 1.000000
vt 0.000000 1.000000
vt 0.000000 0.000000
vt 1.000000 0.000000
vt 1.000000 1.000000
vt 0.000000 0.000000
vt 1.000000 1.000000
vt 0.000000 1.000000
vt 1.000000 1.000000
vt 0.000000 0.000000
vt 1.000000 0.000000
vt 0.000000 0.000000
vt 1.000000 1.000000
vt 0.000000 1.000000
vt 0.000000 0.000000
vt 1.000000 1.000000
vt 0.000000 1.000000
vt 1.000000 1.000000
vt 0.000000 0.000000
vt 1.000000 0.000000
vt 1.000000 1.000000
vt 1.000000 1.000000
vt 1.000000 1.000000
vt 0.000000 0.000000
vt 1.000000 1.000000
vt 0.000000 1.000000
vt 0.000000 0.000000
vt 1.000000 0.000000
vt 1.000000 1.000000
vt 0.000000 0.000000
vt 1.000000 0.000000
vt 1.000000 1.000000
vt 0.000000 0.000000
vt 1.000000 1.000000
vt 0.000000 1.000000
vt 0.000000 0.000000
vt 1.000000 0.000000
vt 1.000000 1.000000
vt 1.000000 1.000000
vt 0.444097 1.000000
vt 0.000000 0.000000
vt 0.444097 1.000000
vt 0.000000 1.000000
vt 0.000000 0.000000
vt 1.000000 1.000000
vt 0.000000 1.000000
vt 0.000000 0.000000
vt 0.000000 1.000000
vt 1.000000 0.000000
vt 1.000000 1.000000
vt 0.000000 0.000000
vt 1.000000 0.000000
vt 1.000000 1.000000
vt 0.000000 0.000000
vt 0.500000 0.000000
vt 0.000000 1.000000
vt -0.000682 1.003994
vt 1.000000 0.000000
vt 1.000000 1.000000
vt 0.000000 0.000000
vt 1.000000 0.000000
vt 1.000000 1.000000
vt 0.000000 0.000000
vt 1.000000 0.000000
vt 1.000000 1.000000
vt 0.000000 0.000000
vt 1.000000 0.000000
vt 1.000000 0.500000
vt 0.000000 0.000000
vt 1.000000 0.000000
vt 1.000000 1.000000
vt 1.000000 1.000000
vt 0.000000 0.000000
vt 1.000000 0.000000
vt 1.000000 1.000000
vt 0.000000 1.000000
vt 0.444097 0.444097
vt 0.444097 0.444097
vt 0.000000 1.000000
vt 0.000000 0.000000
vt 1.000000 1.000000
vt 0.000000 1.000000
vt 0.000000 0.000000
vt 0.000000 0.000000
vt 1.000000 1.000000
vt 0.000000 1.000000
vt 1.000000 1.000000
vt 0.000000 1.000000
vt 0.000000 0.000000
vt 0.000000 0.000000
vt 1.000000 1.000000
vt 0.000000 1.000000
vt 0.000000 0.000000
vt 1.000000 0.000000
vt 1.000000 1.000000
vt 0.000000 0.000000
vt 1.000000 0.000000
vt 1.000000 1.000000
vt 0.000000 0.000000
vt 1.000000 0.000000
vt 1.000000 0.520153
vt 1.000000 1.000000
vt 0.000000 1.000000
vt 0.000000 0.500000
vt 0.000000 0.000000
vt 1.000000 0.520153
vt 1.000000 1.000000
vt 0.000000 0.500000
vt 1.000000 1.000000
vt 1.000000 0.520153
vt 0.000000 0.500000
vt 1.000000 0.520153
vt 1.000000 1.000000
vt 1.000000 1.000000
vt 0.000000 0.500000
vt 0.000000 0.000000
vt 1.000000 1.000000
vt 0.000000 1.000000
vt 0.000000 0.000000
vt 0.000000 0.000000
vt 1.000000 1.000000
vt 0.000000 1.000000
vt 0.000000 0.000000
vt 1.000000 0.000000
vt 1.000000 1.000000
vt 0.000000 0.000000
vt 1.000000 1.000000
vt 0.000000 1.000000
vt 0.000000 0.000000
vt 1.000000 0.500000
vt 1.000000 1.000000
vt 1.000000 0.500000
vt 0.000000 0.000000
vt 1.000000 0.000000
vt 1.000000 0.500000
vt 0.000000 0.000000
vt 1.000000 0.000000
vt 0.000000 0.000000
vt 1.000000 0.500000
vt 1.000000 1.000000
vt 0.000000 0.000000
vt 1.000000 1.000000
vt 0.000000 1.000000
vt 1.000000 1.000000
vt 0.000000 1.000000
vt 0.333333 0.666667
vt 0.000000 0.000000
vt 0.333333 0.666667
vt 0.000000 1.000000
vt 0.000000 0.000000
vt 0.666667 0.333333
vt 0.333333 0.666667
vt 0.333333 0.666667
vt 0.666667 0.333333
vt 1.000000 1.000000
vt 0.000000 0.000000
vt 1.000000 0.000000
vt 0.666667 0.333333
vt 1.000000 0.000000
vt 1.000000 1.000000
vt 0.666667 0.333333
vt 0.000000 0.000000
vt 1.000000 1.000000
vt 0.000000 1.000000
vt 0.000000 0.000000
vt 1.000000 0.500000
vt 1.000000 1.000000
vt 1.000000 0.500000
vt 0.000000 0.000000
vt 1.000000 0.000000
vt 0.000000 0.000000
vt 0.500000 0.000000
vt 0.000000 0.500000
vt 0.000000 0.000000
vt 1.000000 0.000000
vt 1.000000 1.000000
vt 0.500000 0.000000
vt 1.000000 0.000000
vt 1.000000 1.000000
vt 0.500000 0.000000
vt 1.000000 1.000000
vt 0.000000 0.500000
vt 0.000000 0.500000
vt 1.000000 1.000000
vt 0.000000 1.000000
vt 0.000000 0.000000
vt 1.000000 1.000000
vt 0.500000 1.000000
vt 0.000000 0.000000
vt 1.000000 0.000000
vt 1.000000 1.000000
vt 0.000000 0.000000
vt 1.000000 1.000000
vt 0.000000 1.000000
vt -1.000000 1.000000
vt 1.000000 1.000000
vt 0.000000 1.000000
vt 0.000000 0.000000
vt 1.000000 0.000000
vt 1.000000 1.000000
vt 0.000000 0.000000
vt 1.000000 1.000000
vt 0.000000 1.000000
vt 0.000000 0.000000
vt 1.000000 0.000000
vt 1.000000 1.000000
vt 0.000000 0.000000
vt 1.000000 1.000000
vt 0.000000 1.000000
vt 0.000000 0.000000
vt 0.500000 0.000000
vt 0.000000 0.500000
vt 0.000000 0.000000
vt 1.000000 0.000000
vt 1.000000 1.000000
vt 0.500000 0.000000
vt 1.000000 0.000000
vt 1.000000 1.000000
vt 0.500000 0.000000
vt 1.000000 1.000000
vt 0.000000 0.500000
vt 0.000000 0.500000
vt 1.000000 1.000000
vt 0.000000 1.000000
vt 1.000000 1.000000
vt 0.000000 0.000000
vt 1.000000 0.000000
vt 1.000000 1.000000
vt 0.000000 0.000000
vt 1.000000 0.000000
vt 0.000000 0.000000
vt 1.000000 1.000000
vt 0.000000 1.000000
vt 0.000000 0.000000
vt 1.000000 0.000000
vt 1.000000 1.000000
vt 1.000000 1.000000
vt 1.000000 1.000000
vt 1.000000 1.000000
vt 0.000000 0.000000
vt 1.000000 1.000000
vt 0.000000 1.000000
vt 0.000000 0.000000
vt 1.000000 0.000000
vt 1.000000 1.000000
vt 0.000000 0.000000
vt 1.000000 0.000000
vt 1.000000 1.000000
vt 0.000000 0.000000
vt 1.000000 1.000000
vt 0.000000 1.000000
vt 0.000000 0.000000
vt 1.000000 0.000000
vt 1.000000 1.000000
vt 0.000000 0.000000
vt 1.000000 1.000000
vt 0.000000 1.000000
vt 0.000000 0.000000
vt 1.000000 0.000000
vt 1.000000 1.000000
vt 0.000000 0.000000
vt 1.000000 1.000000
vt 0.000000 1.000000
vt 0.000000 0.000000
vt 0.500000 0.000000
vt 0.000000 0.500000
vt 0.000000 0.000000
vt 1.000000 0.000000
vt 1.000000 1.000000
vt 0.500000 0.000000
vt 1.000000 0.000000
vt 1.000000 1.000000
vt 0.500000 0.000000
vt 1.000000 1.000000
vt 0.000000 0.500000
vt 0.000000 0.500000
vt 1.000000 1.000000
vt 0.000000 1.000000
vt 0.000000 0.000000
vt 1.000000 1.000000
vt 0.000000 1.000000
vt 0.000000 0.000000
vt 1.000000 0.500000
vt 1.000000 1.000000
vt 1.000000 0.500000
vt 0.000000 0.000000
vt 1.000000 0.000000
vt 1.000000 1.000000
vt 0.000000 0.000000
vt 1.000000 0.000000
vt 0.000000 0.000000
vt 1.000000 1.000000
vt 0.000000 1.000000
vt 1.000000 1.000000
vt 0.000000 0.000000
vt 1.000000 0.000000
vt 0.000000 0.000000
vt 1.000000 1.000000
vt 0.000000 1.000000
vt 0.000000 0.000000
vt 1.000000 0.000000
vt 1.000000 1.000000
vt 1.000000 1.000000
vt 1.000000 1.000000
vt 1.000000 1.000000
vt 0.000000 0.000000
vt 1.000000 1.000000
vt 0.000000 1.000000
vt 0.000000 0.000000
vt 1.000000 0.000000
vt 1.000000 1.000000
vt 0.000000 0.000000
vt 1.000000 1.000000
vt 0.000000 1.000000
vt 0.000000 0.000000
vt 1.000000 0.000000
vt 1.000000 1.000000
vt 0.000000 0.000000
vt 1.000000 0.000000
vt 1.000000 1.000000
vt 0.000000 0.000000
vt 1.000000 1.000000
vt 0.000000 1.000000
vt 0.000000 0.000000
vt 1.000000 0.000000
vt 1.000000 1.000000
vt 0.000000 0.000000
vt 1.000000 1.000000
vt 0.000000 1.000000
vt 0.000000 0.000000
vt 0.500000 0.000000
vt 0.000000 0.500000
vt 0.000000 0.000000
vt 1.000000 0.000000
vt 1.000000 1.000000
vt 0.500000 0.000000
vt 1.000000 0.000000
vt 1.000000 1.000000
vt 0.500000 0.000000
vt 1.000000 1.000000
vt 0.000000 0.500000
vt 0.000000 0.500000
vt 1.000000 1.000000
vt 0.000000 1.000000
vt 0.000000 0.000000
vt 1.000000 1.000000
vt 0.000000 1.000000
vt 0.000000 0.000000
vt 1.000000 0.500000
vt 1.000000 1.000000
vt 1.000000 0.500000
vt 0.000000 0.000000
vt 1.000000 0.000000
vt 1.000000 1.000000
vt 0.000000 0.000000
vt 0.000000 -1.000000
vt 0.000000 0.000000
vt 1.000000 1.000000
vt 0.000000 1.000000
vt 1.000000 1.000000
vt 0.000000 0.000000
vt 1.000000 0.000000
vt 0.000000 0.000000
vt 1.000000 1.000000
vt 0.000000 1.000000
vt 0.000000 0.000000
vt 1.000000 0.000000
vt 1.000000 1.000000
vt 1.000000 1.000000
vt 1.000000 1.000000
vt 1.000000 1.000000
vt 0.000000 0.000000
vt 1.000000 1.000000
vt 1.000000 2.000000
vt 0.000000 0.000000
vt 1.000000 0.000000
vt 1.000000 1.000000
vt 0.000000 0.000000
vt 1.000000 1.000000
vt 0.000000 1.000000
vt 0.000000 0.000000
vt 1.000000 0.000000
vt 1.000000 1.000000
vt 0.000000 0.000000
vt 1.000000 0.000000
vt 1.000000 1.000000
vt 0.000000 0.000000
vt 1.000000 1.000000
vt 0.000000 1.000000
vt -1.000000 1.000000
vt 1.000000 1.000000
vt 0.000000 1.000000
vt 0.000000 0.000000
vt 1.000000 0.000000
vt 1.000000 1.000000
vt 0.000000 0.000000
vt 1.000000 1.000000
vt 0.000000 1.000000
vt 0.000000 0.000000
vt 1.000000 0.000000
vt 1.000000 1.000000
vt 0.000000 0.000000
vt 1.000000 1.000000
vt 0.000000 1.000000
vt 0.000000 0.000000
vt 0.500000 0.000000
vt 0.000000 0.500000
vt 0.000000 0.000000
vt 1.000000 0.000000
vt 1.000000 1.000000
vt 0.500000 0.000000
vt 1.000000 0.000000
vt 1.000000 1.000000
vt 0.500000 0.000000
vt 1.000000 1.000000
vt 0.000000 0.500000
vt 0.000000 0.500000
vt 1.000000 1.000000
vt 0.000000 1.000000
vt 1.000000 1.000000
vt 0.000000 0.000000
vt 1.000000 0.000000
vt 1.000000 1.000000
vt 0.000000 0.000000
vt 1.000000 0.000000
vt 0.000000 0.000000
vt 1.000000 1.000000
vt 0.000000 1.000000
vt 0.000000 0.000000
vt 1.000000 0.000000
vt 1.000000 1.000000
vt 1.000000 1.000000
vt 1.000000 1.000000
vt 1.000000 1.000000
vt 0.000000 0.000000
vt 1.000000 1.000000
vt 0.000000 1.000000
vt 0.000000 0.000000
vt 1.000000 0.000000
vt 1.000000 1.000000
vt 0.000000 0.000000
vt 1.000000 1.000000
vt 0.000000 1.000000
vt 0.000000 0.000000
vt 1.000000 0.000000
vt 1.000000 1.000000
vt 0.000000 0.000000
vt 1.000000 0.000000
vt 1.000000 1.000000
vt 0.000000 0.000000
vt 1.000000 1.000000
vt 0.000000 1.000000
vt 0.000000 0.000000
vt 1.000000 0.000000
vt 1.000000 1.000000
vt 0.000000 0.000000
vt 1.000000 1.000000
vt 0.000000 1.000000
vt 0.000000 0.000000
vt 1.000000 0.000000
vt 1.000000 1.000000
vt 0.000000 0.000000
vt 1.000000 1.000000
vt 0.000000 1.000000
vt 1.000000 1.000000
vt 0.000000 0.000000
vt 1.000000 0.000000
vt 0.000000 0.000000
vt 1.000000 1.000000
vt 0.000000 1.000000
vt 0.000000 0.000000
vt 1.000000 1.000000
vt 0.000000 1.000000
vt 1.000000 1.000000
vt 0.000000 0.000000
vt 1.000000 0.000000
vt 1.000000 1.000000
vt 1.000000 1.000000
vt 1.000000 1.000000
vt 0.000000 0.000000
vt 1.000000 1.000000
vt 0.000000 1.000000
vt 0.000000 0.000000
vt 1.000000 0.000000
vt 1.000000 1.000000
vt 0.000000 0.000000
vt 1.000000 0.000000
vt 1.000000 1.000000
vt 0.000000 0.000000
vt 1.000000 1.000000
vt 0.000000 1.000000
vt 0.000000 0.000000
vt 1.000000 0.000000
vt 1.000000 1.000000
vt 1.000000 1.000000
vt 0.444097 1.000000
vt 0.000000 0.000000
vt 0.444097 1.000000
vt 0.000000 1.000000
vt 0.000000 0.000000
vt 1.000000 1.000000
vt 0.000000 1.000000
vt 0.000000 0.000000
vt 0.000000 1.000000
vt 1.000000 0.000000
vt 1.000000 1.000000
vt 0.000000 0.000000
vt 1.000000 0.000000
vt 1.000000 1.000000
vt 0.000000 0.000000
vt 0.500000 0.000000
vt 0.000000 1.000000
vt -0.000682 1.003994
vt 1.000000 0.000000
vt 1.000000 1.000000
vt 0.000000 0.000000
vt 1.000000 0.000000
vt 1.000000 1.000000
vt 0.000000 0.000000
vt 1.000000 0.000000
vt 1.000000 1.000000
vt 0.000000 0.000000
vt 1.000000 0.000000
vt 1.000000 0.500000
vt 0.000000 0.000000
vt 1.000000 0.000000
vt 1.000000 1.000000
vt 1.000000 1.000000
vt 0.000000 0.000000
vt 1.000000 0.000000
vt 1.000000 1.000000
vt 0.000000 1.000000
vt 0.444097 0.444097
vt 0.444097 0.444097
vt 0.000000 1.000000
vt 0.000000 0.000000
vt 1.000000 1.000000
vt 0.000000 1.000000
vt 0.000000 0.000000
vt 0.000000 0.000000
vt 1.000000 1.000000
vt 0.000000 1.000000
vt 1.000000 1.000000
vt 0.000000 1.000000
vt 0.000000 0.000000
vt 0.000000 0.000000
vt 1.000000 1.000000
vt 0.000000 1.000000
vt 0.000000 0.000000
vt 1.000000 0.000000
vt 1.000000 1.000000
vt 0.000000 0.000000
vt 1.000000 0.000000
vt 1.000000 1.000000
vt 0.000000 0.000000
vt 1.000000 0.000000
vt 1.000000 0.520153
vt 1.000000 1.000000
vt 0.000000 1.000000
vt 0.000000 0.500000
vt 0.000000 0.000000
vt 1.000000 0.520153
vt 1.000000 1.000000
vt 0.000000 0.500000
vt 1.000000 1.000000
vt 1.000000 0.520153
vt 0.000000 0.500000
vt 1.000000 0.520153
vt 1.000000 1.000000
vt 1.000000 1.000000
vt 0.000000 0.500000
vt 0.000000 0.000000
vt 1.000000 1.000000
vt 0.000000 1.000000
vt 0.000000 0.000000
vt 0.000000 0.000000
vt 1.000000 1.000000
vt 0.000000 1.000000
vt 0.000000 0.000000
vt 1.000000 0.000000
vt 1.000000 1.000000
vt 0.000000 0.000000
vt 1.000000 1.000000
vt 0.000000 1.000000
vt 0.000000 0.000000
vt 1.000000 0.500000
vt 1.000000 1.000000
vt 1.000000 0.500000
vt 0.000000 0.000000
vt 1.000000 0.000000
vt 1.000000 0.500000
vt 0.000000 0.000000
vt 1.000000 0.000000
vt 0.000000 0.000000
vt 1.000000 0.500000
vt 1.000000 1.000000
vt 0.000000 0.000000
vt 1.000000 1.000000
vt 0.000000 1.000000
vt 1.000000 1.000000
vt 0.000000 1.000000
vt 0.333333 0.666667
vt 0.000000 0.000000
vt 0.333333 0.666667
vt 0.000000 1.000000
vt 0.000000 0.000000
vt 0.666667 0.333333
vt 0.333333 0.666667
vt 0.333333 0.666667
vt 0.666667 0.333333
vt 1.000000 1.000000
vt 0.000000 0.000000
vt 1.000000 0.000000
vt 0.666667 0.333333
vt 1.000000 0.000000
vt 1.000000 1.000000
vt 0.666667 0.333333
vt 0.000000 0.000000
vt 1.000000 1.000000
vt 0.000000 1.000000
vt 0.000000 0.000000
vt 1.000000 0.500000
vt 1.000000 1.000000
vt 1.000000 0.500000
vt 0.000000 0.000000
vt 1.000000 0.000000
vt 0.000000 0.000000
vt 0.500000 0.000000
vt 0.000000 0.500000
vt 0.000000 0.000000
vt 1.000000 0.000000
vt 1.000000 1.000000
vt 0.500000 0.000000
vt 1.000000 0.000000
vt 1.000000 1.000000
vt 0.500000 0.000000
vt 1.000000 1.000000
vt 0.000000 0.500000
vt 0.000000 0.500000
vt 1.000000 1.000000
vt 0.000000 1.000000
vt 0.000000 0.000000
vt 1.000000 1.000000
vt 0.500000 1.000000
vt 0.000000 0.000000
vt 1.000000 0.000000
vt 1.000000 1.000000
vt 0.000000 0.000000
vt 1.000000 1.000000
vt 0.000000 1.000000
vt -1.000000 1.000000
vt 1.000000 1.000000
vt 0.000000 1.000000
vt 0.000000 0.000000
vt 1.000000 0.000000
vt 1.000000 1.000000
vt 0.000000 0.000000
vt 1.000000 1.000000
vt 0.000000 1.000000
vt 0.000000 0.000000
vt 1.000000 0.000000
vt 1.000000 1.000000
vt 0.000000 0.000000
vt 1.000000 1.000000
vt 0.000000 1.000000
vt 0.000000 0.000000
vt 0.500000 0.000000
vt 0.000000 0.500000
vt 0.000000 0.000000
vt 1.000000 0.000000
vt 1.000000 1.000000
vt 0.500000 0.000000
vt 1.000000 0.000000
vt 1.000000 1.000000
vt 0.500000 0.000000
vt 1.000000 1.000000
vt 0.000000 0.500000
vt 0.000000 0.500000
vt 1.000000 1.000000
vt 0.000000 1.000000
vt 1.000000 1.000000
vt 0.000000 0.000000
vt 1.000000 0.000000
vt 1.000000 1.000000
vt 0.000000 0.000000
vt 1.000000 0.000000
vt 0.000000 0.000000
vt 1.000000 1.000000
vt 0.000000 1.000000
vt 0.000000 0.000000
vt 1.000000 0.000000
vt 1.000000 1.000000
vt 1.000000 1.000000
vt 1.000000 1.000000
vt 1.000000 1.000000
vt 0.000000 0.000000
vt 1.000000 1.000000
vt 0.000000 1.000000
vt 0.000000 0.000000
vt 1.000000 0.000000
vt 1.000000 1.000000
vt 0.000000 0.000000
vt 1.000000 0.000000
vt 1.000000 1.000000
vt 0.000000 0.000000
vt 1.000000 1.000000
vt 0.000000 1.000000
vt 0.000000 0.000000
vt 1.000000 0.000000
vt 1.000000 1.000000
vt 0.000000 0.000000
vt 1.000000 1.000000
vt 0.000000 1.000000
vt 0.000000 0.000000
vt 1.000000 0.000000
vt 1.000000 1.000000
vt 0.000000 0.000000
vt 1.000000 1.000000
vt 0.000000 1.000000
vt 0.000000 0.000000
vt 0.500000 0.000000
vt 0.000000 0.500000
vt 0.000000 0.000000
vt 1.000000 0.000000
vt 1.000000 1.000000
vt 0.500000 0.000000
vt 1.000000 0.000000
vt 1.000000 1.000000
vt 0.500000 0.000000
vt 1.000000 1.000000
vt 0.000000 0.500000
vt 0.000000 0.500000
vt 1.000000 1.000000
vt 0.000000 1.000000
vt 0.000000 0.000000
vt 1.000000 1.000000
vt 0.000000 1.000000
vt 0.000000 0.000000
vt 1.000000 0.500000
vt 1.000000 1.000000
vt 1.000000 0.500000
vt 0.000000 0.000000
vt 1.000000 0.000000
vt 1.000000 1.000000
vt 0.000000 0.000000
vt 1.000000 0.000000
vt 0.000000 0.000000
vt 1.000000 1.000000
vt 0.000000 1.000000
vt 1.000000 1.000000
vt 0.000000 0.000000
vt 1.000000 0.000000
vt 0.000000 0.000000
vt 1.000000 1.000000
vt 0.000000 1.000000
vt 0.000000 0.000000
vt 1.000000 0.000000
vt 1.000000 1.000000
vt 1.000000 1.000000
vt 1.000000 1.000000
vt 1.000000 1.000000
vt 0.000000 0.000000
vt 1.000000 1.000000
vt 0.000000 1.000000
vt 0.000000 0.000000
vt 1.000000 0.000000
vt 1.000000 1.000000
vt 0.000000 0.000000
vt 1.000000 1.000000
vt 0.000000 1.000000
vt 0.000000 0.000000
vt 1.000000 0.000000
vt 1.000000 1.000000
vt 0.000000 0.000000
vt 1.000000 0.000000
vt 1.000000 1.000000
vt 0.000000 0.000000
vt 1.000000 1.000000
vt 0.000000 1.000000
vt 0.000000 0.000000
vt 1.000000 0.000000
vt 1.000000 1.000000
vt 0.000000 0.000000
vt 1.000000 1.000000
vt 0.000000 1.000000
vt 0.000000 0.000000
vt 0.500000 0.000000
vt 0.000000 0.500000
vt 0.000000 0.000000
vt 1.000000 0.000000
vt 1.000000 1.000000
vt 0.500000 0.000000
vt 1.000000 0.000000
vt 1.000000 1.000000
vt 0.500000 0.000000
vt 1.000000 1.000000
vt 0.000000 0.500000
vt 0.000000 0.500000
vt 1.000000 1.000000
vt 0.000000 1.000000
vt 0.000000 0.000000
vt 1.000000 1.000000
vt 0.000000 1.000000
vt 0.000000 0.000000
vt 1.000000 0.500000
vt 1.000000 1.000000
vt 1.000000 0.500000
vt 0.000000 0.000000
vt 1.000000 0.000000
vt 1.000000 1.000000
vt 0.000000 0.000000
vt 0.000000 -1.000000
vt 0.000000 0.000000
vt 1.000000 1.000000
vt 0.000000 1.000000
vt 1.000000 1.000000
vt 0.000000 0.000000
vt 1.000000 0.000000
vt 0.000000 0.000000
vt 1.000000 1.000000
vt 0.000000 1.000000
vt 0.000000 0.000000
vt 1.000000 0.000000
vt 1.000000 1.000000
vt 1.000000 1.000000
vt 1.000000 1.000000
vt 1.000000 1.000000
vt 0.000000 0.000000
vt 1.000000 1.000000
vt 1.000000 2.000000
vt 0.000000 0.000000
vt 1.000000 0.000000
vt 1.000000 1.000000
vt 0.000000 0.000000
vt 1.000000 1.000000
vt 0.000000 1.000000
vt 0.000000 0.000000
vt 1.000000 0.000000
vt 1.000000 1.000000
vt 0.000000 0.000000
vt 1.000000 0.000000
vt 1.000000 1.000000
vt 0.000000 0.000000
vt 1.000000 1.000000
vt 0.000000 1.000000
vt -1.000000 1.000000
vt 1.000000 1.000000
vt 0.000000 1.000000
vt 0.000000 0.000000
vt 1.000000 0.000000
vt 1.000000 1.000000
vt 0.000000 0.000000
vt 1.000000 1.000000
vt 0.000000 1.000000
vt 0.000000 0.000000
vt 1.000000 0.000000
vt 1.000000 1.000000
vt 0.000000 0.000000
vt 1.000000 1.000000
vt 0.000000 1.000000
vt 0.000000 0.000000
vt 0.500000 0.000000
vt 0.000000 0.500000
vt 0.000000 0.000000
vt 1.000000 0.000000
vt 1.000000 1.000000
vt 0.500000 0.000000
vt 1.000000 0.000000
vt 1.000000 1.000000
vt 0.500000 0.000000
vt 1.000000 1.000000
vt 0.000000 0.500000
vt 0.000000 0.500000
vt 1.000000 1.000000
vt 0.000000 1.000000
vt 1.000000 1.000000
vt 0.000000 0.000000
vt 1.000000 0.000000
vt 1.000000 1.000000
vt 0.000000 0.000000
vt 1.000000 0.000000
vt 0.000000 0.000000
vt 1.000000 1.000000
vt 0.000000 1.000000
vt 0.000000 0.000000
vt 1.000000 0.000000
vt 1.000000 1.000000
vt 1.000000 1.000000
vt 1.000000 1.000000
vt 1.000000 1.000000
vt 0.000000 0.000000
vt 1.000000 1.000000
vt 0.000000 1.000000
vt 0.000000 0.000000
vt 1.000000 0.000000
vt 1.000000 1.000000
vt 0.000000 0.000000
vt 1.000000 1.000000
vt 0.000000 1.000000
vt 0.000000 0.000000
vt 1.000000 0.000000
vt 1.000000 1.000000
vt 0.000000 0.000000
vt 1.000000 0.000000
vt 1.000000 1.000000
vt 0.000000 0.000000
vt 1.000000 1.000000
vt 0.000000 1.000000
vt 0.000000 0.000000
vt 1.000000 0.000000
vt 1.000000 1.000000
vt 0.000000 0.000000
vt 1.000000 1.000000
vt 0.000000 1.000000
vt 0.000000 0.000000
vt 1.000000 0.000000
vt 1.000000 1.000000
vt 0.000000 0.000000
vt 1.000000 1.000000
vt 0.000000 1.000000
vt 1.000000 1.000000
vt 0.000000 0.000000
vt 1.000000 0.000000
vt 0.000000 0.000000
vt 1.000000 1.000000
vt 0.000000 1.000000
vt 0.000000 0.000000
vt 1.000000 1.000000
vt 0.000000 1.000000
vt 1.000000 1.000000
vt 0.000000 0.000000
vt 1.000000 0.000000
vt 1.000000 1.000000
vt 1.000000 1.000000
vt 1.000000 1.000000
vt 0.000000 0.000000
vt 1.000000 1.000000
vt 0.000000 1.000000
vt 0.000000 0.000000
vt 1.000000 0.000000
vt 1.000000 1.000000
vt 0.000000 0.000000
vt 1.000000 0.000000
vt 1.000000 1.000000
vt 0.000000 0.000000
vt 1.000000 1.000000
vt 0.000000 1.000000
vt 0.000000 0.000000
vt 1.000000 0.000000
vt 1.000000 1.000000
vt 1.000000 1.000000
vt 0.444097 1.000000
vt 0.000000 0.000000
vt 0.444097 1.000000
vt 0.000000 1.000000
vt 0.000000 0.000000
vt 1.000000 1.000000
vt 0.000000 1.000000
vt 0.000000 0.000000
vt 0.000000 1.000000
vt 1.000000 0.000000
vt 1.000000 1.000000
vt 0.000000 0.000000
vt 1.000000 0.000000
vt 1.000000 1.000000
vt 0.000000 0.000000
vt 0.500000 0.000000
vt 0.000000 1.000000
vt -0.000682 1.003994
vt 1.000000 0.000000
vt 1.000000 1.000000
vt 0.000000 0.000000
vt 1.000000 0.000000
vt 1.000000 1.000000
vt 0.000000 0.000000
vt 1.000000 0.000000
vt 1.000000 1.000000
vt 0.000000 0.000000
vt 1.000000 0.000000
vt 1.000000 0.500000
vt 0.000000 0.000000
vt 1.000000 0.000000
vt 1.000000 1.000000
vt 1.000000 1.000000
vt 0.000000 0.000000
vt 1.000000 0.000000
vt 1.000000 1.000000
vt 0.000000 1.000000
vt 0.444097 0.444097
vt 0.444097 0.444097
vt 0.000000 1.000000
vt 0.000000 0.000000
vt 1.000000 1.000000
vt 0.000000 1.000000
vt 0.000000 0.000000
vt 0.000000 0.000000
vt 1.000000 1.000000
vt 0.000000 1.000000
vt 1.000000 1.000000
vt 0.000000 1.000000
vt 0.000000 0.000000
vt 0.000000 0.000000
vt 1.000000 1.000000
vt 0.000000 1.000000
vt 0.000000 0.000000
vt 1.000000 0.000000
vt 1.000000 1.000000
vt 0.000000 0.000000
vt 1.000000 0.000000
vt 1.000000 1.000000
vt 0.000000 0.000000
vt 1.000000 0.000000
vt 1.000000 0.520153
vt 1.000000 1.000000
vt 0.000000 1.000000
vt 0.000000 0.500000
vt 0.000000 0.000000
vt 1.000000 0.520153
vt 1.000000 1.000000
vt 0.000000 0.500000
vt 1.000000 1.000000
vt 1.000000 0.520153
vt 0.000000 0.500000
vt 1.000000 0.520153
vt 1.000000 1.000000
vt 1.000000 1.000000
vt 0.000000 0.500000
vt 0.000000 0.000000
vt 1.000000 1.000000
vt 0.000000 1.000000
vt 0.000000 0.000000
vt 0.000000 0.000000
vt 1.000000 1.000000
vt 0.000000 1.000000
vt 0.000000 0.000000
vt 1.000000 0.000000
vt 1.000000 1.000000
vt 0.000000 0.000000
vt 1.000000 1.000000
vt 0.000000 1.000000
vt 0.000000 0.000000
vt 1.000000 0.500000
vt 1.000000 1.000000
vt 1.000000 0.500000
vt 0.000000 0.000000
vt 1.000000 0.000000
vt 1.000000 0.500000
vt 0.000000 0.000000
vt 1.000000 0.000000
vt 0.000000 0.000000
vt 1.000000 0.500000
vt 1.000000 1.000000
vt 0.000000 0.000000
vt 1.000000 1.000000
vt 0.000000 1.000000
vt 1.000000 1.000000
vt 0.000000 1.000000
vt 0.333333 0.666667
vt 0.000000 0.000000
vt 0.333333 0.666667
vt 0.000000 1.000000
vt 0.000000 0.000000
vt 0.666667 0.333333
vt 0.333333 0.666667
vt 0.333333 0.666667
vt 0.666667 0.333333
vt 1.000000 1.000000
vt 0.000000 0.000000
vt 1.000000 0.000000
vt 0.666667 0.333333
vt 1.000000 0.000000
vt 1.000000 1.000000
vt 0.666667 0.333333
vt 0.000000 0.000000
vt 1.000000 1.000000
vt 0.000000 1.000000
vt 0.000000 0.000000
vt 1.000000 0.500000
vt 1.000000 1.000000
vt 1.000000 0.500000
vt 0.000000 0.000000
vt 1.000000 0.000000
vt 0.000000 0.000000
vt 0.500000 0.000000
vt 0.000000 0.500000
vt 0.000000 0.000000
vt 1.000000 0.000000
vt 1.000000 1.000000
vt 0.500000 0.000000
vt 1.000000 0.000000
vt 1.000000 1.000000
vt 0.500000 0.000000
vt 1.000000 1.000000
vt 0.000000 0.500000
vn -0.317811 0.080809 0.944704
vn -0.739549 0.227216 0.633593
vn -0.317811 0.080809 0.944704
vn -0.950699 -0.018800 0.309546
vn -0.815626 0.577674 0.032355
vn -0.950699 -0.018800 0.309546
vn -0.764679 0.328329 -0.554496
vn -0.764679 0.328329 -0.554496
vn -0.764679 0.328329 -0.554496
vn 0.165792 0.419072 -0.892688
vn 0.165792 0.419072 -0.892688
vn 0.165792 0.419072 -0.892688
vn 0.841006 -0.360109 -0.403770
vn 0.841006 -0.360109 -0.403770
vn 0.841006 -0.360109 -0.403770
vn 0.070608 -0.030735 -0.997031
vn 0.070608 -0.030735 -0.997031
vn 0.841006 -0.360109 -0.403770
vn 0.762650 0.077703 -0.642127
vn 0.841006 -0.360109 -0.403770
vn 0.762650 0.077703 -0.642127
vn 0.830759 -0.170242 0.529960
vn 0.830759 -0.170242 0.529960
vn 0.830759 -0.170242 0.529960
vn 0.918511 -0.318540 0.234244
vn 0.830759 -0.170242 0.529960
vn 0.918511 -0.318540 0.234244
vn 0.891203 -0.401264 0.211528
vn 0.891203 -0.401264 0.211528
vn 0.891203 -0.401264 0.211528
vn 0.447000 0.211546 -0.869160
vn 0.447000 0.211546 -0.869160
vn 0.903545 -0.359045 0.233866
vn 0.891203 -0.401264 0.211528
vn 0.903545 -0.359045 0.233866
vn 0.903545 -0.359045 0.233866
vn 0.891203 -0.401264 0.211528
vn 0.903545 -0.359045 0.233866
vn 0.935722 -0.346805 0.064429
vn 0.861383 0.055075 0.504961
vn 0.903545 -0.359045 0.233866
vn 0.861383 0.055075 0.504961
vn -0.079275 0.503250 0.860497
vn 0.031491 0.258067 -0.965614
vn 0.031491 0.258067 -0.965614
vn -0.079275 0.503250 0.860497
vn 0.835101 -0.431841 0.340764
vn 0.835101 -0.431841 0.340764
vn -0.676200 0.341882 0.652587
vn -0.079275 0.503250 0.860497
vn -0.676200 0.341882 0.652587
vn -0.145889 -0.035871 0.988651
vn -0.145889 -0.035871 0.988651
vn -0.079275 0.503250 0.860497
vn -0.079275 0.503250 0.860497
vn -0.079275 0.503250 0.860497
vn -0.079275 0.503250 0.860497
vn -0.135198 0.278410 -0.950899
vn -0.079275 0.503250 0.860497
vn -0.135198 0.278410 -0.950899
vn -0.788461 0.381878 0.482181
vn -0.788461 0.381878 0.482181
vn -0.079275 0.503250 0.860497
vn -0.987566 0.144195 0.062629
vn -0.987566 0.144195 0.062629
vn -0.987566 0.144195 0.062629
vn -0.598463 0.070016 -0.798085
vn -0.598463 0.070016 -0.798085
vn -0.598463 0.070016 -0.798085
vn -0.747264 0.107125 -0.655836
vn -0.747264 0.107125 -0.655836
vn -0.598463 0.070016 -0.798085
vn -0.714667 0.127932 -0.687666
vn -0.714667 0.127932 -0.687666
vn -0.714667 0.127932 -0.687666
vn 0.629568 -0.394248 -0.669487
vn 0.629568 -0.394248 -0.669487
vn 0.629568 -0.394248 -0.669487
vn 0.775331 -0.287535 -0.562303
vn 0.629568 -0.394248 -0.669487
vn 0.775331 -0.287535 -0.562303
vn 0.834288 -0.377339 -0.401969
vn 0.834288 -0.377339 -0.401969
vn 0.834288 -0.377339 -0.401969
vn -0.149635 -0.139520 -0.978848
vn -0.149635 -0.139520 -0.978848
vn 0.889948 -0.049403 -0.453378
vn 0.834288 -0.377339 -0.401969
vn 0.889948 -0.049403 -0.453378
vn 0.889948 -0.049403 -0.453378
vn 0.834288 -0.377339 -0.401969
vn 0.889948 -0.049403 -0.453378
vn 0.422901 -0.283082 -0.860825
vn 0.491475 -0.120599 -0.862501
vn 0.889948 -0.049403 -0.453378
vn 0.491475 -0.120599 -0.862501
vn 0.713930 0.150235 0.683911
vn 0.713930 0.150235 0.683911
vn 0.713930 0.150235 0.683911
vn 0.713930 0.150235 0.683911
vn 0.540852 0.255871 0.801255
vn 0.713930 0.150235 0.683911
vn 0.540852 0.255871 0.801255
vn 0.713930 0.150235 0.683911
vn 0.540852 0.255871 0.801255
vn -0.065318 0.026111 -0.997523
vn -0.071872 -0.169462 -0.982913
vn -0.071872 -0.169462 -0.982913
vn -0.957388 0.270986 -0.099872
vn -0.065318 0.026111 -0.997523
vn -0.957388 0.270986 -0.099872
vn -0.065318 0.026111 -0.997523
vn -0.444042 0.321334 -0.836404
vn -0.444042 0.321334 -0.836404
vn -0.347818 0.524088 0.777402
vn -0.065318 0.026111 -0.997523
vn -0.347818 0.524088 0.777402
vn 0.698335 0.093699 0.709612
vn 0.698335 0.093699 0.709612
vn -0.065318 0.026111 -0.997523
vn -0.065318 0.026111 -0.997523
vn -0.065318 0.026111 -0.997523
vn -0.065318 0.026111 -0.997523
vn -0.750884 0.003269 -0.660426
vn -0.065318 0.026111 -0.997523
vn -0.750884 0.003269 -0.660426
vn -0.115160 0.543257 0.831631
vn -0.115160 0.543257 0.831631
vn -0.065318 0.026111 -0.997523
vn -0.259284 0.360121 0.896150
vn -0.259284 0.360121 0.896150
vn -0.220548 0.350235 0.910326
vn -0.259284 0.360121 0.896150
vn -0.259284 0.360121 0.896150
vn -0.259284 0.360121 0.896150
vn -0.239703 -0.033730 -0.970260
vn -0.239703 -0.033730 -0.970260
vn -0.239703 -0.033730 -0.970260
vn 0.211378 0.116360 -0.970453
vn 0.211378 0.116360 -0.970453
vn 0.211378 0.116360 -0.970453
vn 0.827369 -0.078216 0.556185
vn 0.827369 -0.078216 0.556185
vn 0.827369 -0.078216 0.556185
vn 0.174218 0.051673 0.983350
vn 0.827369 -0.078216 0.556185
vn 0.174218 0.051673 0.983350
vn 0.503505 -0.159550 0.849133
vn 0.503505 -0.159550 0.849133
vn 0.503505 -0.159550 0.849133
vn 0.884984 -0.084735 -0.457847
vn 0.884984 -0.084735 -0.457847
vn 0.490468 0.247983 0.835431
vn 0.503505 -0.159550 0.849133
vn 0.490468 0.247983 0.835431
vn 0.490468 0.247983 0.835431
vn 0.503505 -0.159550 0.849133
vn 0.490468 0.247983 0.835431
vn 0.909250 -0.142940 0.390938
vn 0.890508 0.051664 0.452026
vn 0.490468 0.247983 0.835431
vn 0.890508 0.051664 0.452026
vn -0.418572 0.260726 0.869954
vn -0.418572 0.260726 0.869954
vn -0.418572 0.260726 0.869954
vn -0.418572 0.260726 0.869954
vn -0.511307 0.470383 0.719239
vn -0.418572 0.260726 0.869954
vn -0.511307 0.470383 0.719239
vn -0.418572 0.260726 0.869954
vn -0.511307 0.470383 0.719239
vn 0.525732 0.791979 -0.310443
vn 0.124016 0.022614 -0.992022
vn 0.124016 0.022614 -0.992022
vn 0.995021 0.078019 -0.062018
vn 0.525732 0.791979 -0.310443
vn 0.995021 0.078019 -0.062018
vn 0.525732 0.791979 -0.310443
vn 0.589532 0.771515 -0.239201
vn 0.589532 0.771515 -0.239201
vn -0.967821 0.145903 0.205026
vn 0.525732 0.791979 -0.310443
vn -0.967821 0.145903 0.205026
vn -0.485579 -0.038655 0.873338
vn -0.485579 -0.038655 0.873338
vn 0.525732 0.791979 -0.310443
vn 0.525732 0.791979 -0.310443
vn 0.525732 0.791979 -0.310443
vn 0.525732 0.791979 -0.310443
vn -0.048458 0.153197 -0.987007
vn 0.525732 0.791979 -0.310443
vn -0.048458 0.153197 -0.987007
vn -0.968828 0.145471 0.200524
vn -0.968828 0.145471 0.200524
vn 0.525732 0.791979 -0.310443
vn -0.941658 0.290707 -0.169618
vn -0.941658 0.290707 -0.169618
vn -0.940117 0.250147 0.231531
vn -0.941658 0.290707 -0.169618
vn -0.941658 0.290707 -0.169618
vn -0.941658 0.290707 -0.169618
vn 0.867306 -0.113813 -0.484589
vn 0.867306 -0.113813 -0.484589
vn 0.867306 -0.113813 -0.484589
vn 0.697503 0.233881 0.677340
vn 0.697503 0.233881 0.677340
vn 0.697503 0.233881 0.677340
vn 0.499814 -0.005315 0.866116
vn 0.499814 -0.005315 0.866116
vn 0.499814 -0.005315 0.866116
vn 0.698661 0.201721 0.686427
vn 0.698661 0.201721 0.686427
vn 0.499814 -0.005315 0.866116
vn 0.608446 0.286303 0.740151
vn 0.499814 -0.005315 0.866116
vn 0.608446 0.286303 0.740151
vn -0.780638 0.051750 0.622838
vn -0.780638 0.051750 0.622838
vn -0.780638 0.051750 0.622838
vn -0.714983 -0.024503 0.698712
vn -0.780638 0.051750 0.622838
vn -0.714983 -0.024503 0.698712
vn -0.685376 -0.030240 0.727561
vn -0.685376 -0.030240 0.727561
vn -0.685376 -0.030240 0.727561
vn 0.377549 0.098102 0.920778
vn 0.377549 0.098102 0.920778
vn -0.684605 0.022226 0.728575
vn -0.685376 -0.030240 0.727561
vn -0.684605 0.022226 0.728575
vn -0.684605 0.022226 0.728575
vn -0.685376 -0.030240 0.727561
vn -0.684605 0.022226 0.728575
vn -0.632394 0.007966 0.774606
vn -0.743650 0.264601 0.613979
vn -0.684605 0.022226 0.728575
vn -0.743650 0.264601 0.613979
vn -0.727360 0.516338 -0.452042
vn 0.949099 0.244644 0.198395
vn 0.949099 0.244644 0.198395
vn -0.727360 0.516338 -0.452042
vn -0.669392 0.036986 0.741988
vn -0.669392 0.036986 0.741988
vn -0.428965 0.118087 -0.895570
vn -0.727360 0.516338 -0.452042
vn -0.428965 0.118087 -0.895570
vn -0.103001 0.171019 -0.979869
vn -0.103001 0.171019 -0.979869
vn -0.727360 0.516338 -0.452042
vn -0.727360 0.516338 -0.452042
vn -0.727360 0.516338 -0.452042
vn -0.727360 0.516338 -0.452042
vn 0.812687 0.259569 0.521693
vn -0.727360 0.516338 -0.452042
vn 0.812687 0.259569 0.521693
vn 0.316721 0.043968 -0.947499
vn 0.316721 0.043968 -0.947499
vn -0.727360 0.516338 -0.452042
vn 0.072643 -0.041153 -0.996509
vn 0.072643 -0.041153 -0.996509
vn 0.308942 0.062630 -0.949017
vn 0.072643 -0.041153 -0.996509
vn 0.072643 -0.041153 -0.996509
vn 0.072643 -0.041153 -0.996509
vn 0.940948 -0.073840 -0.330402
vn 0.940948 -0.073840 -0.330402
vn 0.940948 -0.073840 -0.330402
vn -0.136076 0.061260 0.988803
vn -0.136076 0.061260 0.988803
vn -0.136076 0.061260 0.988803
vn 0.896588 0.037109 0.441308
vn 0.896588 0.037109 0.441308
vn -0.136076 0.061260 0.988803
vn 0.863854 0.085972 0.496352
vn 0.863854 0.085972 0.496352
vn 0.863854 0.085972 0.496352
vn -0.468567 -0.106582 0.876975
vn -0.468567 -0.106582 0.876975
vn -0.468567 -0.106582 0.876975
vn -0.689756 0.203622 0.694820
vn -0.468567 -0.106582 0.876975
vn -0.689756 0.203622 0.694820
vn -0.167589 0.782949 0.599086
vn 0.473773 0.473571 0.742475
vn 0.473773 0.473571 0.742475
vn 0.897449 0.226696 0.378411
vn -0.167589 0.782949 0.599086
vn 0.897449 0.226696 0.378411
vn 0.400484 0.141308 0.905342
vn -0.167589 0.782949 0.599086
vn 0.400484 0.141308 0.905342
vn -0.167589 0.782949 0.599086
vn -0.536909 0.340329 0.771949
vn -0.536909 0.340329 0.771949
vn -0.167589 0.782949 0.599086
vn -0.167589 0.782949 0.599086
vn -0.167589 0.782949 0.599086
vn -0.209395 0.344090 -0.915290
vn -0.167589 0.782949 0.599086
vn -0.209395 0.344090 -0.915290
vn -0.816390 0.061770 -0.574188
vn -0.816390 0.061770 -0.574188
vn -0.167589 0.782949 0.599086
vn 0.075676 0.246333 -0.966226
vn 0.075676 0.246333 -0.966226
vn 0.075676 0.246333 -0.966226
vn 0.130471 0.219620 -0.966822
vn 0.130471 0.219620 -0.966822
vn 0.083202 0.215459 -0.972962
vn 0.130471 0.219620 -0.966822
vn 0.130471 0.219620 -0.966822
vn 0.130471 0.219620 -0.966822
vn 0.027410 -0.999607 0.005849
vn 0.027410 -0.999607 0.005849
vn 0.027410 -0.999607 0.005849
vn 0.027689 -0.999600 0.005810
vn 0.027689 -0.999600 0.005810
vn 0.027689 -0.999600 0.005810
vn 0.029167 -0.999564 0.004532
vn 0.029167 -0.999564 0.004532
vn 0.029167 -0.999564 0.004532
vn 0.109189 -0.223139 0.968652
vn 0.109189 -0.223139 0.968652
vn 0.109189 -0.223139 0.968652
vn 0.935867 0.207820 -0.284542
vn 0.935867 0.207820 -0.284542
vn 0.935867 0.207820 -0.284542
vn -0.217180 0.009240 0.976088
vn -0.217180 0.009240 0.976088
vn -0.217180 0.009240 0.976088
vn 0.263304 0.180691 0.947640
vn 0.263304 0.180691 0.947640
vn 0.263304 0.180691 0.947640
vn 0.908064 0.230598 -0.349634
vn 0.908064 0.230598 -0.349634
vn 0.908064 0.230598 -0.349634
vn 0.908064 0.230598 -0.349634
vn 0.143745 0.520995 0.841369
vn 0.143745 0.520995 0.841369
vn 0.908064 0.230598 -0.349634
vn -0.566508 0.770319 0.292707
vn -0.566508 0.770319 0.292707
vn 0.908064 0.230598 -0.349634
vn -0.403852 0.826383 -0.392421
vn -0.508127 0.726726 0.462251
vn -0.403852 0.826383 -0.392421
vn -0.403852 0.826383 -0.392421
vn -0.403852 0.826383 -0.392421
vn 0.233253 0.059259 -0.970609
vn 0.233253 0.059259 -0.970609
vn 0.233253 0.059259 -0.970609
vn 0.233253 0.059259 -0.970609
vn 0.233253 0.059259 -0.970609
vn 0.695578 -0.159471 -0.700528
vn 0.232246 0.218619 -0.947770
vn 0.233253 0.059259 -0.970609
vn 0.232246 0.218619 -0.947770
vn 0.905794 0.247501 -0.343919
vn 0.905794 0.247501 -0.343919
vn 0.905794 0.247501 -0.343919
vn -0.397202 0.891223 -0.218982
vn 0.905794 0.247501 -0.343919
vn -0.397202 0.891223 -0.218982
vn -0.615573 0.116114 0.779479
vn -0.820371 0.034770 0.570773
vn -0.615573 0.116114 0.779479
vn 0.167595 0.157550 -0.973185
vn -0.928522 -0.097373 -0.358282
vn 0.167595 0.157550 -0.973185
vn -0.928522 -0.097373 -0.358282
vn -0.928522 -0.097373 -0.358282
vn -0.815626 0.577674 0.032355
vn -0.957447 0.142065 -0.251224
vn -0.957447 0.142065 -0.251224
vn -0.820371 0.034770 0.570773
vn -0.454445 -0.890158 -0.033155
vn -0.454445 -0.890158 -0.033155
vn -0.820371 0.034770 0.570773
vn -0.645483 0.114844 0.755091
vn -0.820371 0.034770 0.570773
vn -0.820371 0.034770 0.570773
vn -0.820371 0.034770 0.570773
vn -0.820371 0.034770 0.570773
vn -0.820371 0.034770 0.570773
vn -0.820371 0.034770 0.570773
vn -0.820371 0.034770 0.570773
vn -0.815626 0.577674 0.032355
vn -0.647366 0.541738 -0.536132
vn -0.820371 0.034770 0.570773
vn -0.647366 0.541738 -0.536132
vn -0.990008 0.036323 -0.136254
vn -0.990008 0.036323 -0.136254
vn -0.990008 0.036323 -0.136254
vn -0.789675 0.098957 0.605492
vn -0.789675 0.098957 0.605492
vn -0.892688 0.266849 0.363179
vn -0.789675 0.098957 0.605492
vn -0.789675 0.098957 0.605492
vn -0.789675 0.098957 0.605492
vn -0.047075 -0.187452 0.981145
vn -0.047075 -0.187452 0.981145
vn -0.047075 -0.187452 0.981145
vn -0.047075 -0.187452 0.981145
vn -0.257580 -0.048347 0.965047
vn -0.047075 -0.187452 0.981145
vn -0.257580 -0.048347 0.965047
vn -0.047075 -0.187452 0.981145
vn -0.257580 -0.048347 0.965047
vn -0.625501 0.355528 -0.694513
vn -0.814901 0.250868 -0.522495
vn -0.625501 0.355528 -0.694513
vn -0.814901 0.250868 -0.522495
vn -0.625501 0.355528 -0.694513
vn -0.814901 0.250868 -0.522495
vn -0.814901 0.250868 -0.522495
vn -0.814901 0.250868 -0.522495
vn -0.814901 0.250868 -0.522495
vn 0.613653 -0.103170 0.782807
vn 0.613653 -0.103170 0.782807
vn 0.613653 -0.103170 0.782807
vn 0.812674 -0.123454 0.569491
vn 0.613653 -0.103170 0.782807
vn 0.812674 -0.123454 0.569491
vn 0.706932 0.617269 0.345291
vn 0.706932 0.617269 0.345291
vn 0.613653 -0.103170 0.782807
vn 0.613653 -0.103170 0.782807
vn 0.706932 0.617269 0.345291
vn 0.898120 0.435298 -0.062428
vn -0.131706 -0.278771 0.951284
vn 0.750739 -0.352322 0.558802
vn 0.706932 0.617269 0.345291
vn 0.750739 -0.352322 0.558802
vn 0.750739 -0.352322 0.558802
vn 0.706932 0.617269 0.345291
vn -0.387880 -0.024338 -0.921388
vn -0.387880 -0.024338 -0.921388
vn -0.387880 -0.024338 -0.921388
vn -0.387880 -0.024338 -0.921388
vn -0.499416 -0.031376 -0.865794
vn -0.387880 -0.024338 -0.921388
vn -0.499416 -0.031376 -0.865794
vn -0.387880 -0.024338 -0.921388
vn -0.499416 -0.031376 -0.865794
vn -0.741038 -0.199431 0.641163
vn -0.741038 -0.199431 0.641163
vn -0.741038 -0.199431 0.641163
vn 0.308901 -0.062517 0.949037
vn 0.308901 -0.062517 0.949037
vn -0.739549 0.227216 0.633593
vn -0.741038 -0.199431 0.641163
vn -0.739549 0.227216 0.633593
vn -0.739549 0.227216 0.633593
vn -0.741038 -0.199431 0.641163
vn -0.739549 0.227216 0.633593
vn -0.269629 -0.114258 0.956162
vn -0.317811 0.080809 0.944704
vn -0.739549 0.227216 0.633593
vn -0.317811 0.080809 0.944704
vn -0.950699 -0.018800 0.309546
vn -0.815626 0.577674 0.032355
vn -0.950699 -0.018800 0.309546
vn -0.764679 0.328329 -0.554496
vn -0.764679 0.328329 -0.554496
vn -0.764679 0.328329 -0.554496
vn 0.165792 0.419072 -0.892688
vn 0.165792 0.419072 -0.892688
vn 0.165792 0.419072 -0.892688
vn 0.841006 -0.360109 -0.403770
vn 0.841006 -0.360109 -0.403770
vn 0.841006 -0.360109 -0.403770
vn 0.070608 -0.030735 -0.997031
vn 0.070608 -0.030735 -0.997031
vn 0.841006 -0.360109 -0.403770
vn 0.762650 0.077703 -0.642127
vn 0.841006 -0.360109 -0.403770
vn 0.762650 0.077703 -0.642127
vn 0.830759 -0.170242 0.529960
vn 0.830759 -0.170242 0.529960
vn 0.830759 -0.170242 0.529960
vn 0.918511 -0.318540 0.234244
vn 0.830759 -0.170242 0.529960
vn 0.918511 -0.318540 0.234244
vn 0.891203 -0.401264 0.211528
vn 0.891203 -0.401264 0.211528
vn 0.891203 -0.401264 0.211528
vn 0.447000 0.211546 -0.869160
vn 0.447000 0.211546 -0.869160
vn 0.903545 -0.359045 0.233866
vn 0.891203 -0.401264 0.211528
vn 0.903545 -0.359045 0.233866
vn 0.903545 -0.359045 0.233866
vn 0.891203 -0.401264 0.211528
vn 0.903545 -0.359045 0.233866
vn 0.935722 -0.346805 0.064429
vn 0.861383 0.055075 0.504961
vn 0.903545 -0.359045 0.233866
vn 0.861383 0.055075 0.504961
vn -0.079275 0.503250 0.860497
vn 0.031491 0.258067 -0.965614
vn 0.031491 0.258067 -0.965614
vn -0.079275 0.503250 0.860497
vn 0.835101 -0.431841 0.340764
vn 0.835101 -0.431841 0.340764
vn -0.676200 0.341882 0.652587
vn -0.079275 0.503250 0.860497
vn -0.676200 0.341882 0.652587
vn -0.145889 -0.035871 0.988651
vn -0.145889 -0.035871 0.988651
vn -0.079275 0.503250 0.860497
vn -0.079275 0.503250 0.860497
vn -0.079275 0.503250 0.860497
vn -0.079275 0.503250 0.860497
vn -0.135198 0.278410 -0.950899
vn -0.079275 0.503250 0.860497
vn -0.135198 0.278410 -0.950899
vn -0.788461 0.381878 0.482181
vn -0.788461 0.381878 0.482181
vn -0.079275 0.503250 0.860497
vn -0.987566 0.144195 0.062629
vn -0.987566 0.144195 0.062629
vn -0.987566 0.144195 0.062629
vn -0.598463 0.070016 -0.798085
vn -0.598463 0.070016 -0.798085
vn -0.598463 0.070016 -0.798085
vn -0.747264 0.107125 -0.655836
vn -0.747264 0.107125 -0.655836
vn -0.598463 0.070016 -0.798085
vn -0.714667 0.127932 -0.687666
vn -0.714667 0.127932 -0.687666
vn -0.714667 0.127932 -0.687666
vn 0.629568 -0.394248 -0.669487
vn 0.629568 -0.394248 -0.669487
vn 0.629568 -0.394248 -0.669487
vn 0.775331 -0.287535 -0.562303
vn 0.629568 -0.394248 -0.669487
vn 0.775331 -0.287535 -0.562303
vn 0.834288 -0.377339 -0.401969
vn 0.834288 -0.377339 -0.401969
vn 0.834288 -0.377339 -0.401969
vn -0.149635 -0.139520 -0.978848
vn -0.149635 -0.139520 -0.978848
vn 0.889948 -0.049403 -0.453378
vn 0.834288 -0.377339 -0.401969
vn 0.889948 -0.049403 -0.453378
vn 0.889948 -0.049403 -0.453378
vn 0.834288 -0.377339 -0.401969
vn 0.889948 -0.049403 -0.453378
vn 0.422901 -0.283082 -0.860825
vn 0.491475 -0.120599 -0.862501
vn 0.889948 -0.049403 -0.453378
vn 0.491475 -0.120599 -0.862501
vn 0.713930 0.150235 0.683911
vn 0.713930 0.150235 0.683911
vn 0.713930 0.150235 0.683911
vn 0.713930 0.150235 0.683911
vn 0.540852 0.255871 0.801255
vn 0.713930 0.150235 0.683911
vn 0.540852 0.255871 0.801255
vn 0.713930 0.150235 0.683911
vn 0.540852 0.255871 0.801255
vn -0.065318 0.026111 -0.997523
vn -0.071872 -0.169462 -0.982913
vn -0.071872 -0.169462 -0.982913
vn -0.957388 0.270986 -0.099872
vn -0.065318 0.026111 -0.997523
vn -0.957388 0.270986 -0.099872
vn -0.065318 0.026111 -0.997523
vn -0.444042 0.321334 -0.836404
vn -0.444042 0.321334 -0.836404
vn -0.347818 0.524088 0.777402
vn -0.065318 0.026111 -0.997523
vn -0.347818 0.524088 0.777402
vn 0.698335 0.093699 0.709612
vn 0.698335 0.093699 0.709612
vn -0.065318 0.026111 -0.997523
vn -0.065318 0.026111 -0.997523
vn -0.065318 0.026111 -0.997523
vn -0.065318 0.026111 -0.997523
vn -0.750884 0.003269 -0.660426
vn -0.065318 0.026111 -0.997523
vn -0.750884 0.003269 -0.660426
vn -0.115160 0.543257 0.831631
vn -0.115160 0.543257 0.831631
vn -0.065318 0.026111 -0.997523
vn -0.259284 0.360121 0.896150
vn -0.259284 0.360121 0.896150
vn -0.220548 0.350235 0.910326
vn -0.259284 0.360121 0.896150
vn -0.259284 0.360121 0.896150
vn -0.259284 0.360121 0.896150
vn -0.239703 -0.033730 -0.970260
vn -0.239703 -0.033730 -0.970260
vn -0.239703 -0.033730 -0.970260
vn 0.211378 0.116360 -0.970453
vn 0.211378 0.116360 -0.970453
vn 0.211378 0.116360 -0.970453
vn 0.827369 -0.078216 0.556185
vn 0.827369 -0.078216 0.556185
vn 0.827369 -0.078216 0.556185
vn 0.174218 0.051673 0.983350
vn 0.827369 -0.078216 0.556185
vn 0.174218 0.051673 0.983350
vn 0.503505 -0.159550 0.849133
vn 0.503505 -0.159550 0.849133
vn 0.503505 -0.159550 0.849133
vn 0.884984 -0.084735 -0.457847
vn 0.884984 -0.084735 -0.457847
vn 0.490468 0.247983 0.835431
vn 0.503505 -0.159550 0.849133
vn 0.490468 0.247983 0.835431
vn 0.490468 0.247983 0.835431
vn 0.503505 -0.159550 0.849133
vn 0.490468 0.247983 0.835431
vn 0.909250 -0.142940 0.390938
vn 0.890508 0.051664 0.452026
vn 0.490468 0.247983 0.835431
vn 0.890508 0.051664 0.452026
vn -0.418572 0.260726 0.869954
vn -0.418572 0.260726 0.869954
vn -0.418572 0.260726 0.869954
vn -0.418572 0.260726 0.869954
vn -0.511307 0.470383 0.719239
vn -0.418572 0.260726 0.869954
vn -0.511307 0.470383 0.719239
vn -0.418572 0.260726 0.869954
vn -0.511307 0.470383 0.719239
vn 0.525732 0.791979 -0.310443
vn 0.124016 0.022614 -0.992022
vn 0.124016 0.022614 -0.992022
vn 0.995021 0.078019 -0.062018
vn 0.525732 0.791979 -0.310443
vn 0.995021 0.078019 -0.062018
vn 0.525732 0.791979 -0.310443
vn 0.589532 0.771515 -0.239201
vn 0.589532 0.771515 -0.239201
vn -0.967821 0.145903 0.205026
vn 0.525732 0.791979 -0.310443
vn -0.967821 0.145903 0.205026
vn -0.485579 -0.038655 0.873338
vn -0.485579 -0.038655 0.873338
vn 0.525732 0.791979 -0.310443
vn 0.525732 0.791979 -0.310443
vn 0.525732 0.791979 -0.310443
vn 0.525732 0.791979 -0.310443
vn -0.048458 0.153197 -0.987007
vn 0.525732 0.791979 -0.310443
vn -0.048458 0.153197 -0.987007
vn -0.968828 0.145471 0.200524
vn -0.968828 0.145471 0.200524
vn 0.525732 0.791979 -0.310443
vn -0.941658 0.290707 -0.169618
vn -0.941658 0.290707 -0.169618
vn -0.940117 0.250147 0.231531
vn -0.941658 0.290707 -0.169618
vn -0.941658 0.290707 -0.169618
vn -0.941658 0.290707 -0.169618
vn 0.867306 -0.113813 -0.484589
vn 0.867306 -0.113813 -0.484589
vn 0.867306 -0.113813 -0.484589
vn 0.697503 0.233881 0.677340
vn 0.697503 0.233881 0.677340
vn 0.697503 0.233881 0.677340
vn 0.499814 -0.005315 0.866116
vn 0.499814 -0.005315 0.866116
vn 0.499814 -0.005315 0.866116
vn 0.698661 0.201721 0.686427
vn 0.698661 0.201721 0.686427
vn 0.499814 -0.005315 0.866116
vn 0.608446 0.286303 0.740151
vn 0.499814 -0.005315 0.866116
vn 0.608446 0.286303 0.740151
vn -0.780638 0.051750 0.622838
vn -0.780638 0.051750 0.622838
vn -0.780638 0.051750 0.622838
vn -0.714983 -0.024503 0.698712
vn -0.780638 0.051750 0.622838
vn -0.714983 -0.024503 0.698712
vn -0.685376 -0.030240 0.727561
vn -0.685376 -0.030240 0.727561
vn -0.685376 -0.030240 0.727561
vn 0.377549 0.098102 0.920778
vn 0.377549 0.098102 0.920778
vn -0.684605 0.022226 0.728575
vn -0.685376 -0.030240 0.727561
vn -0.684605 0.022226 0.728575
vn -0.684605 0.022226 0.728575
vn -0.685376 -0.030240 0.727561
vn -0.684605 0.022226 0.728575
vn -0.632394 0.007966 0.774606
vn -0.743650 0.264601 0.613979
vn -0.684605 0.022226 0.728575
vn -0.743650 0.264601 0.613979
vn -0.727360 0.516338 -0.452042
vn 0.949099 0.244644 0.198395
vn 0.949099 0.244644 0.198395
vn -0.727360 0.516338 -0.452042
vn -0.669392 0.036986 0.741988
vn -0.669392 0.036986 0.741988
vn -0.428965 0.118087 -0.895570
vn -0.727360 0.516338 -0.452042
vn -0.428965 0.118087 -0.895570
vn -0.103001 0.171019 -0.979869
vn -0.103001 0.171019 -0.979869
vn -0.727360 0.516338 -0.452042
vn -0.727360 0.516338 -0.452042
vn -0.727360 0.516338 -0.452042
vn -0.727360 0.516338 -0.452042
vn 0.812687 0.259569 0.521693
vn -0.727360 0.516338 -0.452042
vn 0.812687 0.259569 0.521693
vn 0.316721 0.043968 -0.947499
vn 0.316721 0.043968 -0.947499
vn -0.727360 0.516338 -0.452042
vn 0.072643 -0.041153 -0.996509
vn 0.072643 -0.041153 -0.996509
vn 0.308942 0.062630 -0.949017
vn 0.072643 -0.041153 -0.996509
vn 0.072643 -0.041153 -0.996509
vn 0.072643 -0.041153 -0.996509
vn 0.940948 -0.073840 -0.330402
vn 0.940948 -0.073840 -0.330402
vn 0.940948 -0.073840 -0.330402
vn -0.136076 0.061260 0.988803
vn -0.136076 0.061260 0.988803
vn -0.136076 0.061260 0.988803
vn 0.896588 0.037109 0.441308
vn 0.896588 0.037109 0.441308
vn -0.136076 0.061260 0.988803
vn 0.863854 0.085972 0.496352
vn 0.863854 0.085972 0.496352
vn 0.863854 0.085972 0.496352
vn -0.468567 -0.106582 0.876975
vn -0.468567 -0.106582 0.876975
vn -0.468567 -0.106582 0.876975
vn -0.689756 0.203622 0.694820
vn -0.468567 -0.106582 0.876975
vn -0.689756 0.203622 0.694820
vn -0.167589 0.782949 0.599086
vn 0.473773 0.473571 0.742475
vn 0.473773 0.473571 0.742475
vn 0.897449 0.226696 0.378411
vn -0.167589 0.782949 0.599086
vn 0.897449 0.226696 0.378411
vn 0.400484 0.141308 0.905342
vn -0.167589 0.782949 0.599086
vn 0.400484 0.141308 0.905342
vn -0.167589 0.782949 0.599086
vn -0.536909 0.340329 0.771949
vn -0.536909 0.340329 0.771949
vn -0.167589 0.782949 0.599086
vn -0.167589 0.782949 0.599086
vn -0.167589 0.782949 0.599086
vn -0.209395 0.344090 -0.915290
vn -0.167589 0.782949 0.599086
vn -0.209395 0.344090 -0.915290
vn -0.816390 0.061770 -0.574188
vn -0.816390 0.061770 -0.574188
vn -0.167589 0.782949 0.599086
vn 0.075676 0.246333 -0.966226
vn 0.075676 0.246333 -0.966226
vn 0.075676 0.246333 -0.966226
vn 0.130471 0.219620 -0.966822
vn 0.130471 0.219620 -0.966822
vn 0.083202 0.215459 -0.972962
vn 0.130471 0.219620 -0.966822
vn 0.130471 0.219620 -0.966822
vn 0.130471 0.219620 -0.966822
vn 0.027410 -0.999607 0.005849
vn 0.027410 -0.999607 0.005849
vn 0.027410 -0.999607 0.005849
vn 0.027689 -0.999600 0.005810
vn 0.027689 -0.999600 0.005810
vn 0.027689 -0.999600 0.005810
vn 0.029167 -0.999564 0.004532
vn 0.029167 -0.999564 0.004532
vn 0.029167 -0.999564 0.004532
vn 0.109189 -0.223139 0.968652
vn 0.109189 -0.223139 0.968652
vn 0.109189 -0.223139 0.968652
vn 0.935867 0.207820 -0.284542
vn 0.935867 0.207820 -0.284542
vn 0.935867 0.207820 -0.284542
vn -0.217180 0.009240 0.976088
vn -0.217180 0.009240 0.976088
vn -0.217180 0.009240 0.976088
vn 0.263304 0.180691 0.947640
vn 0.263304 0.180691 0.947640
vn 0.263304 0.180691 0.947640
vn 0.908064 0.230598 -0.349634
vn 0.908064 0.230598 -0.349634
vn 0.908064 0.230598 -0.349634
vn 0.908064 0.230598 -0.349634
vn 0.143745 0.520995 0.841369
vn 0.143745 0.520995 0.841369
vn 0.908064 0.230598 -0.349634
vn -0.566508 0.770319 0.292707
vn -0.566508 0.770319 0.292707
vn 0.908064 0.230598 -0.349634
vn -0.403852 0.826383 -0.392421
vn -0.508127 0.726726 0.462251
vn -0.403852 0.826383 -0.392421
vn -0.403852 0.826383 -0.392421
vn -0.403852 0.826383 -0.392421
vn 0.233253 0.059259 -0.970609
vn 0.233253 0.059259 -0.970609
vn 0.233253 0.059259 -0.970609
vn 0.233253 0.059259 -0.970609
vn 0.233253 0.059259 -0.970609
vn 0.695578 -0.159471 -0.700528
vn 0.232246 0.218619 -0.947770
vn 0.233253 0.059259 -0.970609
vn 0.232246 0.218619 -0.947770
vn 0.905794 0.247501 -0.343919
vn 0.905794 0.247501 -0.343919
vn 0.905794 0.247501 -0.343919
vn -0.397202 0.891223 -0.218982
vn 0.905794 0.247501 -0.343919
vn -0.397202 0.891223 -0.218982
vn -0.615573 0.116114 0.779479
vn -0.820371 0.034770 0.570773
vn -0.615573 0.116114 0.779479
vn 0.167595 0.157550 -0.973185
vn -0.928522 -0.097373 -0.358282
vn 0.167595 0.157550 -0.973185
vn -0.928522 -0.097373 -0.358282
vn -0.928522 -0.097373 -0.358282
vn -0.815626 0.577674 0.032355
vn -0.957447 0.142065 -0.251224
vn -0.957447 0.142065 -0.251224
vn -0.820371 0.034770 0.570773
vn -0.454445 -0.890158 -0.033155
vn -0.454445 -0.890158 -0.033155
vn -0.820371 0.034770 0.570773
vn -0.645483 0.114844 0.755091
vn -0.820371 0.034770 0.570773
vn -0.820371 0.034770 0.570773
vn -0.820371 0.034770 0.570773
vn -0.820371 0.034770 0.570773
vn -0.820371 0.034770 0.570773
vn -0.820371 0.034770 0.570773
vn -0.820371 0.034770 0.570773
vn -0.815626 0.577674 0.032355
vn -0.647366 0.541738 -0.536132
vn -0.820371 0.034770 0.570773
vn -0.647366 0.541738 -0.536132
vn -0.990008 0.036323 -0.136254
vn -0.990008 0.036323 -0.136254
vn -0.990008 0.036323 -0.136254
vn -0.789675 0.098957 0.605492
vn -0.789675 0.098957 0.605492
vn -0.892688 0.266849 0.363179
vn -0.789675 0.098957 0.605492
vn -0.789675 0.098957 0.605492
vn -0.789675 0.098957 0.605492
vn -0.047075 -0.187452 0.981145
vn -0.047075 -0.187452 0.981145
vn -0.047075 -0.187452 0.981145
vn -0.047075 -0.187452 0.981145
vn -0.257580 -0.048347 0.965047
vn -0.047075 -0.187452 0.981145
vn -0.257580 -0.048347 0.965047
vn -0.047075 -0.187452 0.981145
vn -0.257580 -0.048347 0.965047
vn -0.625501 0.355528 -0.694513
vn -0.814901 0.250868 -0.522495
vn -0.625501 0.355528 -0.694513
vn -0.814901 0.250868 -0.522495
vn -0.625501 0.355528 -0.694513
vn -0.814901 0.250868 -0.522495
vn -0.814901 0.250868 -0.522495
vn -0.814901 0.250868 -0.522495
vn -0.814901 0.250868 -0.522495
vn 0.613653 -0.103170 0.782807
vn 0.613653 -0.103170 0.782807
vn 0.613653 -0.103170 0.782807
vn 0.812674 -0.123454 0.569491
vn 0.613653 -0.103170 0.782807
vn 0.812674 -0.123454 0.569491
vn 0.706932 0.617269 0.345291
vn 0.706932 0.617269 0.345291
vn 0.613653 -0.103170 0.782807
vn 0.613653 -0.103170 0.782807
vn 0.706932 0.617269 0.345291
vn 0.898120 0.435298 -0.062428
vn -0.131706 -0.278771 0.951284
vn 0.750739 -0.352322 0.558802
vn 0.706932 0.617269 0.345291
vn 0.750739 -0.352322 0.558802
vn 0.750739 -0.352322 0.558802
vn 0.706932 0.617269 0.345291
vn -0.387880 -0.024338 -0.921388
vn -0.387880 -0.024338 -0.921388
vn -0.387880 -0.024338 -0.921388
vn -0.387880 -0.024338 -0.921388
vn -0.499416 -0.031376 -0.865794
vn -0.387880 -0.024338 -0.921388
vn -0.499416 -0.031376 -0.865794
vn -0.387880 -0.024338 -0.921388
vn -0.499416 -0.031376 -0.865794
vn -0.741038 -0.199431 0.641163
vn -0.741038 -0.199431 0.641163
vn -0.741038 -0.199431 0.641163
vn 0.308901 -0.062517 0.949037
vn 0.308901 -0.062517 0.949037
vn -0.739549 0.227216 0.633593
vn -0.741038 -0.199431 0.641163
vn -0.739549 0.227216 0.633593
vn -0.739549 0.227216 0.633593
vn -0.741038 -0.199431 0.641163
vn -0.739549 0.227216 0.633593
vn -0.269629 -0.114258 0.956162
vn -0.317811 0.080809 0.944704
vn -0.739549 0.227216 0.633593
vn -0.317811 0.080809 0.944704
vn -0.950699 -0.018800 0.309546
vn -0.815626 0.577674 0.032355
vn -0.950699 -0.018800 0.309546
vn -0.764679 0.328329 -0.554496
vn -0.764679 0.328329 -0.554496
vn -0.764679 0.328329 -0.554496
vn 0.165792 0.419072 -0.892688
vn 0.165792 0.419072 -0.892688
vn 0.165792 0.419072 -0.892688
vn 0.841006 -0.360109 -0.403770
vn 0.841006 -0.360109 -0.403770
vn 0.841006 -0.360109 -0.403770
vn 0.070608 -0.030735 -0.997031
vn 0.070608 -0.030735 -0.997031
vn 0.841006 -0.360109 -0.403770
vn 0.762650 0.077703 -0.642127
vn 0.841006 -0.360109 -0.403770
vn 0.762650 0.077703 -0.642127
vn 0.830759 -0.170242 0.529960
vn 0.830759 -0.170242 0.529960
vn 0.830759 -0.170242 0.529960
vn 0.918511 -0.318540 0.234244
vn 0.830759 -0.170242 0.529960
vn 0.918511 -0.318540 0.234244
vn 0.891203 -0.401264 0.211528
vn 0.891203 -0.401264 0.211528
vn 0.891203 -0.401264 0.211528
vn 0.447000 0.211546 -0.869160
vn 0.447000 0.211546 -0.869160
vn 0.903545 -0.359045 0.233866
vn 0.891203 -0.401264 0.211528
vn 0.903545 -0.359045 0.233866
vn 0.903545 -0.359045 0.233866
vn 0.891203 -0.401264 0.211528
vn 0.903545 -0.359045 0.233866
vn 0.935722 -0.346805 0.064429
vn 0.861383 0.055075 0.504961
vn 0.903545 -0.359045 0.233866
vn 0.861383 0.055075 0.504961
vn -0.079275 0.503250 0.860497
vn 0.031491 0.258067 -0.965614
vn 0.031491 0.258067 -0.965614
vn -0.079275 0.503250 0.860497
vn 0.835101 -0.431841 0.340764
vn 0.835101 -0.431841 0.340764
vn -0.676200 0.341882 0.652587
vn -0.079275 0.503250 0.860497
vn -0.676200 0.341882 0.652587
vn -0.145889 -0.035871 0.988651
vn -0.145889 -0.035871 0.988651
vn -0.079275 0.503250 0.860497
vn -0.079275 0.503250 0.860497
vn -0.079275 0.503250 0.860497
vn -0.079275 0.503250 0.860497
vn -0.135198 0.278410 -0.950899
vn -0.079275 0.503250 0.860497
vn -0.135198 0.278410 -0.950899
vn -0.788461 0.381878 0.482181
vn -0.788461 0.381878 0.482181
vn -0.079275 0.503250 0.860497
vn -0.987566 0.144195 0.062629
vn -0.987566 0.144195 0.062629
vn -0.987566 0.144195 0.062629
vn -0.598463 0.070016 -0.798085
vn -0.598463 0.070016 -0.798085
vn -0.598463 0.070016 -0.798085
vn -0.747264 0.107125 -0.655836
vn -0.747264 0.107125 -0.655836
vn -0.598463 0.070016 -0.798085
vn -0.714667 0.127932 -0.687666
vn -0.714667 0.127932 -0.687666
vn -0.714667 0.127932 -0.687666
vn 0.629568 -0.394248 -0.669487
vn 0.629568 -0.394248 -0.669487
vn 0.629568 -0.394248 -0.669487
vn 0.775331 -0.287535 -0.562303
vn 0.629568 -0.394248 -0.669487
vn 0.775331 -0.287535 -0.562303
vn 0.834288 -0.377339 -0.401969
vn 0.834288 -0.377339 -0.401969
vn 0.834288 -0.377339 -0.401969
vn -0.149635 -0.139520 -0.978848
vn -0.149635 -0.139520 -0.978848
vn 0.889948 -0.049403 -0.453378
vn 0.834288 -0.377339 -0.401969
vn 0.889948 -0.049403 -0.453378
vn 0.889948 -0.049403 -0.453378
vn 0.834288 -0.377339 -0.401969
vn 0.889948 -0.049403 -0.453378
vn 0.422901 -0.283082 -0.860825
vn 0.491475 -0.120599 -0.862501
vn 0.889948 -0.049403 -0.453378
vn 0.491475 -0.120599 -0.862501
vn 0.713930 0.150235 0.683911
vn 0.713930 0.150235 0.683911
vn 0.713930 0.150235 0.683911
vn 0.713930 0.150235 0.683911
vn 0.540852 0.255871 0.801255
vn 0.713930 0.150235 0.683911
vn 0.540852 0.255871 0.801255
vn 0.713930 0.150235 0.683911
vn 0.540852 0.255871 0.801255
vn -0.065318 0.026111 -0.997523
vn -0.071872 -0.169462 -0.982913
vn -0.071872 -0.169462 -0.982913
vn -0.957388 0.270986 -0.099872
vn -0.065318 0.026111 -0.997523
vn -0.957388 0.270986 -0.099872
vn -0.065318 0.026111 -0.997523
vn -0.444042 0.321334 -0.836404
vn -0.444042 0.321334 -0.836404
vn -0.347818 0.524088 0.777402
vn -0.065318 0.026111 -0.997523
vn -0.347818 0.524088 0.777402
vn 0.698335 0.093699 0.709612
vn 0.698335 0.093699 0.709612
vn -0.065318 0.026111 -0.997523
vn -0.065318 0.026111 -0.997523
vn -0.065318 0.026111 -0.997523
vn -0.065318 0.026111 -0.997523
vn -0.750884 0.003269 -0.660426
vn -0.065318 0.026111 -0.997523
vn -0.750884 0.003269 -0.660426
vn -0.115160 0.543257 0.831631
vn -0.115160 0.543257 0.831631
vn -0.065318 0.026111 -0.997523
vn -0.259284 0.360121 0.896150
vn -0.259284 0.360121 0.896150
vn -0.220548 0.350235 0.910326
vn -0.259284 0.360121 0.896150
vn -0.259284 0.360121 0.896150
vn -0.259284 0.360121 0.896150
vn -0.239703 -0.033730 -0.970260
vn -0.239703 -0.033730 -0.970260
vn -0.239703 -0.033730 -0.970260
vn 0.211378 0.116360 -0.970453
vn 0.211378 0.116360 -0.970453
vn 0.211378 0.116360 -0.970453
vn 0.827369 -0.078216 0.556185
vn 0.827369 -0.078216 0.556185
vn 0.827369 -0.078216 0.556185
vn 0.174218 0.051673 0.983350
vn 0.827369 -0.078216 0.556185
vn 0.174218 0.051673 0.983350
vn 0.503505 -0.159550 0.849133
vn 0.503505 -0.159550 0.849133
vn 0.503505 -0.159550 0.849133
vn 0.884984 -0.084735 -0.457847
vn 0.884984 -0.084735 -0.457847
vn 0.490468 0.247983 0.835431
vn 0.503505 -0.159550 0.849133
vn 0.490468 0.247983 0.835431
vn 0.490468 0.247983 0.835431
vn 0.503505 -0.159550 0.849133
vn 0.490468 0.247983 0.835431
vn 0.909250 -0.142940 0.390938
vn 0.890508 0.051664 0.452026
vn 0.490468 0.247983 0.835431
vn 0.890508 0.051664 0.452026
vn -0.418572 0.260726 0.869954
vn -0.418572 0.260726 0.869954
vn -0.418572 0.260726 0.869954
vn -0.418572 0.260726 0.869954
vn -0.511307 0.470383 0.719239
vn -0.418572 0.260726 0.869954
vn -0.511307 0.470383 0.719239
vn -0.418572 0.260726 0.869954
vn -0.511307 0.470383 0.719239
vn 0.525732 0.791979 -0.310443
vn 0.124016 0.022614 -0.992022
vn 0.124016 0.022614 -0.992022
vn 0.995021 0.078019 -0.062018
vn 0.525732 0.791979 -0.310443
vn 0.995021 0.078019 -0.062018
vn 0.525732 0.791979 -0.310443
vn 0.589532 0.771515 -0.239201
vn 0.589532 0.771515 -0.239201
vn -0.967821 0.145903 0.205026
vn 0.525732 0.791979 -0.310443
vn -0.967821 0.145903 0.205026
vn -0.485579 -0.038655 0.873338
vn -0.485579 -0.038655 0.873338
vn 0.525732 0.791979 -0.310443
vn 0.525732 0.791979 -0.310443
vn 0.525732 0.791979 -0.310443
vn 0.525732 0.791979 -0.310443
vn -0.048458 0.153197 -0.987007
vn 0.525732 0.791979 -0.310443
vn -0.048458 0.153197 -0.987007
vn -0.968828 0.145471 0.200524
vn -0.968828 0.145471 0.200524
vn 0.525732 0.791979 -0.310443
vn -0.941658 0.290707 -0.169618
vn -0.941658 0.290707 -0.169618
vn -0.940117 0.250147 0.231531
vn -0.941658 0.290707 -0.169618
vn -0.941658 0.290707 -0.169618
vn -0.941658 0.290707 -0.169618
vn 0.867306 -0.113813 -0.484589
vn 0.867306 -0.113813 -0.484589
vn 0.867306 -0.113813 -0.484589
vn 0.697503 0.233881 0.677340
vn 0.697503 0.233881 0.677340
vn 0.697503 0.233881 0.677340
vn 0.499814 -0.005315 0.866116
vn 0.499814 -0.005315 0.866116
vn 0.499814 -0.005315 0.866116
vn 0.698661 0.201721 0.686427
vn 0.698661 0.201721 0.686427
vn 0.499814 -0.005315 0.866116
vn 0.608446 0.286303 0.740151
vn 0.499814 -0.005315 0.866116
vn 0.608446 0.286303 0.740151
vn -0.780638 0.051750 0.622838
vn -0.780638 0.051750 0.622838
vn -0.780638 0.051750 0.622838
vn -0.714983 -0.024503 0.698712
vn -0.780638 0.051750 0.622838
vn -0.714983 -0.024503 0.698712
vn -0.685376 -0.030240 0.727561
vn -0.685376 -0.030240 0.727561
vn -0.685376 -0.030240 0.727561
vn 0.377549 0.098102 0.920778
vn 0.377549 0.098102 0.920778
vn -0.684605 0.022226 0.728575
vn -0.685376 -0.030240 0.727561
vn -0.684605 0.022226 0.728575
vn -0.684605 0.022226 0.728575
vn -0.685376 -0.030240 0.727561
vn -0.684605 0.022226 0.728575
vn -0.632394 0.007966 0.774606
vn -0.743650 0.264601 0.613979
vn -0.684605 0.022226 0.728575
vn -0.743650 0.264601 0.613979
vn -0.727360 0.516338 -0.452042
vn 0.949099 0.244644 0.198395
vn 0.949099 0.244644 0.198395
vn -0.727360 0.516338 -0.452042
vn -0.669392 0.036986 0.741988
vn -0.669392 0.036986 0.741988
vn -0.428965 0.118087 -0.895570
vn -0.727360 0.516338 -0.452042
vn -0.428965 0.118087 -0.895570
vn -0.103001 0.171019 -0.979869
vn -0.103001 0.171019 -0.979869
vn -0.727360 0.516338 -0.452042
vn -0.727360 0.516338 -0.452042
vn -0.727360 0.516338 -0.452042
vn -0.727360 0.516338 -0.452042
vn 0.812687 0.259569 0.521693
vn -0.727360 0.516338 -0.452042
vn 0.812687 0.259569 0.521693
vn 0.316721 0.043968 -0.947499
vn 0.316721 0.043968 -0.947499
vn -0.727360 0.516338 -0.452042
vn 0.072643 -0.041153 -0.996509
vn 0.072643 -0.041153 -0.996509
vn 0.308942 0.062630 -0.949017
vn 0.072643 -0.041153 -0.996509
vn 0.072643 -0.041153 -0.996509
vn 0.072643 -0.041153 -0.996509
vn 0.940948 -0.073840 -0.330402
vn 0.940948 -0.073840 -0.330402
vn 0.940948 -0.073840 -0.330402
vn -0.136076 0.061260 0.988803
vn -0.136076 0.061260 0.988803
vn -0.136076 0.061260 0.988803
vn 0.896588 0.037109 0.441308
vn 0.896588 0.037109 0.441308
vn -0.136076 0.061260 0.988803
vn 0.863854 0.085972 0.496352
vn 0.863854 0.085972 0.496352
vn 0.863854 0.085972 0.496352
vn -0.468567 -0.106582 0.876975
vn -0.468567 -0.106582 0.876975
vn -0.468567 -0.106582 0.876975
vn -0.689756 0.203622 0.694820
vn -0.468567 -0.106582 0.876975
vn -0.689756 0.203622 0.694820
vn -0.167589 0.782949 0.599086
vn 0.473773 0.473571 0.742475
vn 0.473773 0.473571 0.742475
vn 0.897449 0.226696 0.378411
vn -0.167589 0.782949 0.599086
vn 0.897449 0.226696 0.378411
vn 0.400484 0.141308 0.905342
vn -0.167589 0.782949 0.599086
vn 0.400484 0.141308 0.905342
vn -0.167589 0.782949 0.599086
vn -0.536909 0.340329 0.771949
vn -0.536909 0.340329 0.771949
vn -0.167589 0.782949 0.599086
vn -0.167589 0.782949 0.599086
vn -0.167589 0.782949 0.599086
vn -0.209395 0.344090 -0.915290
vn -0.167589 0.782949 0.599086
vn -0.209395 0.344090 -0.915290
vn -0.816390 0.061770 -0.574188
vn -0.816390 0.061770 -0.574188
vn -0.167589 0.782949 0.599086
vn 0.075676 0.246333 -0.966226
vn 0.075676 0.246333 -0.966226
vn 0.075676 0.246333 -0.966226
vn 0.130471 0.219620 -0.966822
vn 0.130471 0.219620 -0.966822
vn 0.083202 0.215459 -0.972962
vn 0.130471 0.219620 -0.966822
vn 0.130471 0.219620 -0.966822
vn 0.130471 0.219620 -0.966822
vn 0.027410 -0.999607 0.005849
vn 0.027410 -0.999607 0.005849
vn 0.027410 -0.999607 0.005849
vn 0.027689 -0.999600 0.005810
vn 0.027689 -0.999600 0.005810
vn 0.027689 -0.999600 0.005810
vn 0.029167 -0.999564 0.004532
vn 0.029167 -0.999564 0.004532
vn 0.029167 -0.999564 0.004532
vn 0.109189 -0.223139 0.968652
vn 0.109189 -0.223139 0.968652
vn 0.109189 -0.223139 0.968652
vn 0.935867 0.207820 -0.284542
vn 0.935867 0.207820 -0.284542
vn 0.935867 0.207820 -0.284542
vn -0.217180 0.009240 0.976088
vn -0.217180 0.009240 0.976088
vn -0.217180 0.009240 0.976088
vn 0.263304 0.180691 0.947640
vn 0.263304 0.180691 0.947640
vn 0.263304 0.180691 0.947640
vn 0.908064 0.230598 -0.349634
vn 0.908064 0.230598 -0.349634
vn 0.908064 0.230598 -0.349634
vn 0.908064 0.230598 -0.349634
vn 0.143745 0.520995 0.841369
vn 0.143745 0.520995 0.841369
vn 0.908064 0.230598 -0.349634
vn -0.566508 0.770319 0.292707
vn -0.566508 0.770319 0.292707
vn 0.908064 0.230598 -0.349634
vn -0.403852 0.826383 -0.392421
vn -0.508127 0.726726 0.462251
vn -0.403852 0.826383 -0.392421
vn -0.403852 0.826383 -0.392421
vn -0.403852 0.826383 -0.392421
vn 0.233253 0.059259 -0.970609
vn 0.233253 0.059259 -0.970609
vn 0.233253 0.059259 -0.970609
vn 0.233253 0.059259 -0.970609
vn 0.233253 0.059259 -0.970609
vn 0.695578 -0.159471 -0.700528
vn 0.232246 0.218619 -0.947770
vn 0.233253 0.059259 -0.970609
vn 0.232246 0.218619 -0.947770
vn 0.905794 0.247501 -0.343919
vn 0.905794 0.247501 -0.343919
vn 0.905794 0.247501 -0.343919
vn -0.397202 0.891223 -0.218982
vn 0.905794 0.247501 -0.343919
vn -0.397202 0.891223 -0.218982
vn -0.615573 0.116114 0.779479
vn -0.820371 0.034770 0.570773
vn -0.615573 0.116114 0.779479
vn 0.167595 0.157550 -0.973185
vn -0.928522 -0.097373 -0.358282
vn 0.167595 0.157550 -0.973185
vn -0.928522 -0.097373 -0.358282
vn -0.928522 -0.097373 -0.358282
vn -0.815626 0.577674 0.032355
vn -0.957447 0.142065 -0.251224
vn -0.957447 0.142065 -0.251224
vn -0.820371 0.034770 0.570773
vn -0.454445 -0.890158 -0.033155
vn -0.454445 -0.890158 -0.033155
vn -0.820371 0.034770 0.570773
vn -0.645483 0.114844 0.755091
vn -0.820371 0.034770 0.570773
vn -0.820371 0.034770 0.570773
vn -0.820371 0.034770 0.570773
vn -0.820371 0.034770 0.570773
vn -0.820371 0.034770 0.570773
vn -0.820371 0.034770 0.570773
vn -0.820371 0.034770 0.570773
vn -0.815626 0.577674 0.032355
vn -0.647366 0.541738 -0.536132
vn -0.820371 0.034770 0.570773
vn -0.647366 0.541738 -0.536132
vn -0.990008 0.036323 -0.136254
vn -0.990008 0.036323 -0.136254
vn -0.990008 0.036323 -0.136254
vn -0.789675 0.098957 0.605492
vn -0.789675 0.098957 0.605492
vn -0.892688 0.266849 0.363179
vn -0.789675 0.098957 0.605492
vn -0.789675 0.098957 0.605492
vn -0.789675 0.098957 0.605492
vn -0.047075 -0.187452 0.981145
vn -0.047075 -0.187452 0.981145
vn -0.047075 -0.187452 0.981145
vn -0.047075 -0.187452 0.981145
vn -0.257580 -0.048347 0.965047
vn -0.047075 -0.187452 0.981145
vn -0.257580 -0.048347 0.965047
vn -0.047075 -0.187452 0.981145
vn -0.257580 -0.048347 0.965047
vn -0.625501 0.355528 -0.694513
vn -0.814901 0.250868 -0.522495
vn -0.625501 0.355528 -0.694513
vn -0.814901 0.250868 -0.522495
vn -0.625501 0.355528 -0.694513
vn -0.814901 0.250868 -0.522495
vn -0.814901 0.250868 -0.522495
vn -0.814901 0.250868 -0.522495
vn -0.814901 0.250868 -0.522495
vn 0.613653 -0.103170 0.782807
vn 0.613653 -0.103170 0.782807
vn 0.613653 -0.103170 0.782807
vn 0.812674 -0.123454 0.569491
vn 0.613653 -0.103170 0.782807
vn 0.812674 -0.123454 0.569491
vn 0.706932 0.617269 0.345291
vn 0.706932 0.617269 0.345291
vn 0.613653 -0.103170 0.782807
vn 0.613653 -0.103170 0.782807
vn 0.706932 0.617269 0.345291
vn 0.898120 0.435298 -0.062428
vn -0.131706 -0.278771 0.951284
vn 0.750739 -0.352322 0.558802
vn 0.706932 0.617269 0.345291
vn 0.750739 -0.352322 0.558802
vn 0.750739 -0.352322 0.558802
vn 0.706932 0.617269 0.345291
vn -0.387880 -0.024338 -0.921388
vn -0.387880 -0.024338 -0.921388
vn -0.387880 -0.024338 -0.921388
vn -0.387880 -0.024338 -0.921388
vn -0.499416 -0.031376 -0.865794
vn -0.387880 -0.024338 -0.921388
vn -0.499416 -0.031376 -0.865794
vn -0.387880 -0.024338 -0.921388
vn -0.499416 -0.031376 -0.865794
vn -0.741038 -0.199431 0.641163
vn -0.741038 -0.199431 0.641163
vn -0.741038 -0.199431 0.641163
vn 0.308901 -0.062517 0.949037
vn 0.308901 -0.062517 0.949037
vn -0.739549 0.227216 0.633593
vn -0.741038 -0.199431 0.641163
vn -0.739549 0.227216 0.633593
vn -0.739549 0.227216 0.633593
vn -0.741038 -0.199431 0.641163
vn -0.739549 0.227216 0.633593
vn -0.269629 -0.114258 0.956162

g spells_amberbarrier_state.m2_Geoset_000
usemtl spells_amberbarrier_state.m2_Geoset_000_Lum
s 1
f 1/1/1 2/2/2 3/3/3
f 4/4/4 5/5/5 6/6/6
f 7/7/7 8/8/8 9/9/9
f 10/10/10 11/11/11 12/12/12
f 13/13/13 14/14/14 15/15/15
f 16/16/16 17/17/17 18/18/18
f 19/19/19 20/20/20 21/21/21
f 22/22/22 23/23/23 24/24/24
f 25/25/25 26/26/26 27/27/27
f 28/28/28 29/29/29 30/30/30
f 31/31/31 32/32/32 33/33/33
f 34/34/34 35/35/35 36/36/36
f 37/37/37 38/38/38 39/39/39
f 40/40/40 41/41/41 42/42/42
f 43/43/43 44/44/44 45/45/45
f 46/46/46 47/47/47 48/48/48
f 49/49/49 50/50/50 51/51/51
f 52/52/52 53/53/53 54/54/54
f 55/55/55 56/56/56 57/57/57
f 58/58/58 59/59/59 60/60/60
f 61/61/61 62/62/62 63/63/63
f 64/64/64 65/65/65 66/66/66
f 67/67/67 68/68/68 69/69/69
f 70/70/70 71/71/71 72/72/72
f 73/73/73 74/74/74 75/75/75
f 76/76/76 77/77/77 78/78/78
f 79/79/79 80/80/80 81/81/81
f 82/82/82 83/83/83 84/84/84
f 85/85/85 86/86/86 87/87/87
f 88/88/88 89/89/89 90/90/90
f 91/91/91 92/92/92 93/93/93
f 94/94/94 95/95/95 96/96/96
f 97/97/97 98/98/98 99/99/99
f 100/100/100 101/101/101 102/102/102
f 103/103/103 104/104/104 105/105/105
f 106/106/106 107/107/107 108/108/108
f 109/109/109 110/110/110 111/111/111
f 112/112/112 113/113/113 114/114/114
f 115/115/115 116/116/116 117/117/117
f 118/118/118 119/119/119 120/120/120
f 121/121/121 122/122/122 123/123/123
f 124/124/124 125/125/125 126/126/126
f 127/127/127 128/128/128 129/129/129
f 130/130/130 131/131/131 132/132/132
f 133/133/133 134/134/134 135/135/135
f 136/136/136 137/137/137 138/138/138
f 139/139/139 140/140/140 141/141/141
f 142/142/142 143/143/143 144/144/144
f 145/145/145 146/146/146 147/147/147
f 148/148/148 149/149/149 150/150/150
f 151/151/151 152/152/152 153/153/153
f 154/154/154 155/155/155 156/156/156
f 157/157/157 158/158/158 159/159/159
f 160/160/160 161/161/161 162/162/162
f 163/163/163 164/164/164 165/165/165
f 166/166/166 167/167/167 168/168/168
f 169/169/169 170/170/170 171/171/171
f 172/172/172 173/173/173 174/174/174
f 175/175/175 176/176/176 177/177/177
f 178/178/178 179/179/179 180/180/180
f 181/181/181 182/182/182 183/183/183
f 184/184/184 185/185/185 186/186/186
f 187/187/187 188/188/188 189/189/189
f 190/190/190 191/191/191 192/192/192
f 193/193/193 194/194/194 195/195/195
f 196/196/196 197/197/197 198/198/198
f 199/199/199 200/200/200 201/201/201
f 202/202/202 203/203/203 204/204/204
f 205/205/205 206/206/206 207/207/207
f 208/208/208 209/209/209 210/210/210
f 211/211/211 212/212/212 213/213/213
f 214/214/214 215/215/215 216/216/216
f 217/217/217 218/218/218 219/219/219
f 220/220/220 221/221/221 222/222/222
f 223/223/223 224/224/224 225/225/225
f 226/226/226 227/227/227 228/228/228
f 229/229/229 230/230/230 231/231/231
f 232/232/232 233/233/233 234/234/234
f 235/235/235 236/236/236 237/237/237
f 238/238/238 239/239/239 240/240/240
f 241/241/241 242/242/242 243/243/243
f 244/244/244 245/245/245 246/246/246
f 247/247/247 248/248/248 249/249/249
f 250/250/250 251/251/251 252/252/252
f 253/253/253 254/254/254 255/255/255
f 256/256/256 257/257/257 258/258/258
f 259/259/259 260/260/260 261/261/261
f 262/262/262 263/263/263 264/264/264
f 265/265/265 266/266/266 267/267/267
f 268/268/268 269/269/269 270/270/270
f 271/271/271 272/272/272 273/273/273
f 274/274/274 275/275/275 276/276/276
f 277/277/277 278/278/278 279/279/279
f 280/280/280 281/281/281 282/282/282
f 283/283/283 284/284/284 285/285/285
f 286/286/286 287/287/287 288/288/288
f 289/289/289 290/290/290 291/291/291
f 292/292/292 293/293/293 294/294/294
f 295/295/295 296/296/296 297/297/297
f 298/298/298 299/299/299 300/300/300
f 301/301/301 302/302/302 303/303/303
f 304/304/304 305/305/305 306/306/306
f 307/307/307 308/308/308 309/309/309
f 310/310/310 311/311/311 312/312/312
f 313/313/313 314/314/314 315/315/315
f 316/316/316 317/317/317 318/318/318
f 319/319/319 320/320/320 321/321/321
f 322/322/322 323/323/323 324/324/324
f 325/325/325 326/326/326 327/327/327
f 328/328/328 329/329/329 330/330/330
f 331/331/331 332/332/332 333/333/333
f 334/334/334 335/335/335 336/336/336
f 337/337/337 338/338/338 339/339/339
f 340/340/340 341/341/341 342/342/342
f 343/343/343 344/344/344 345/345/345
f 346/346/346 347/347/347 348/348/348
f 349/349/349 350/350/350 351/351/351
f 352/352/352 353/353/353 354/354/354
f 355/355/355 356/356/356 357/357/357
f 358/358/358 359/359/359 360/360/360
f 361/361/361 362/362/362 363/363/363
f 364/364/364 365/365/365 366/366/366
f 367/367/367 368/368/368 369/369/369
f 370/370/370 371/371/371 372/372/372
f 373/373/373 374/374/374 375/375/375
f 376/376/376 377/377/377 378/378/378
f 379/379/379 380/380/380 381/381/381
f 382/382/382 383/383/383 384/384/384
f 385/385/385 386/386/386 387/387/387
f 388/388/388 389/389/389 390/390/390
f 391/391/391 392/392/392 393/393/393
f 394/394/394 395/395/395 396/396/396
f 397/397/397 398/398/398 399/399/399
f 400/400/400 401/401/401 402/402/402
f 403/403/403 404/404/404 405/405/405
f 406/406/406 407/407/407 408/408/408
f 409/409/409 410/410/410 411/411/411
f 412/412/412 413/413/413 414/414/414
f 415/415/415 416/416/416 417/417/417
f 418/418/418 419/419/419 420/420/420
f 421/421/421 422/422/422 423/423/423
f 424/424/424 425/425/425 426/426/426
f 427/427/427 428/428/428 429/429/429
f 430/430/430 431/431/431 432/432/432
f 433/433/433 434/434/434 435/435/435
f 436/436/436 437/437/437 438/438/438
f 439/439/439 440/440/440 441/441/441
f 442/442/442 443/443/443 444/444/444
f 445/445/445 446/446/446 447/447/447
f 448/448/448 449/449/449 450/450/450
f 451/451/451 452/452/452 453/453/453
f 454/454/454 455/455/455 456/456/456
# 152 triangles in group

g spells_amberbarrier_state.m2_Geoset_000
usemtl spells_amberbarrier_state.m2_Geoset_000_Lum
s 1
f 457/457/457 458/458/458 459/459/459
f 460/460/460 461/461/461 462/462/462
f 463/463/463 464/464/464 465/465/465
f 466/466/466 467/467/467 468/468/468
f 469/469/469 470/470/470 471/471/471
f 472/472/472 473/473/473 474/474/474
f 475/475/475 476/476/476 477/477/477
f 478/478/478 479/479/479 480/480/480
f 481/481/481 482/482/482 483/483/483
f 484/484/484 485/485/485 486/486/486
f 487/487/487 488/488/488 489/489/489
f 490/490/490 491/491/491 492/492/492
f 493/493/493 494/494/494 495/495/495
f 496/496/496 497/497/497 498/498/498
f 499/499/499 500/500/500 501/501/501
f 502/502/502 503/503/503 504/504/504
f 505/505/505 506/506/506 507/507/507
f 508/508/508 509/509/509 510/510/510
f 511/511/511 512/512/512 513/513/513
f 514/514/514 515/515/515 516/516/516
f 517/517/517 518/518/518 519/519/519
f 520/520/520 521/521/521 522/522/522
f 523/523/523 524/524/524 525/525/525
f 526/526/526 527/527/527 528/528/528
f 529/529/529 530/530/530 531/531/531
f 532/532/532 533/533/533 534/534/534
f 535/535/535 536/536/536 537/537/537
f 538/538/538 539/539/539 540/540/540
f 541/541/541 542/542/542 543/543/543
f 544/544/544 545/545/545 546/546/546
f 547/547/547 548/548/548 549/549/549
f 550/550/550 551/551/551 552/552/552
f 553/553/553 554/554/554 555/555/555
f 556/556/556 557/557/557 558/558/558
f 559/559/559 560/560/560 561/561/561
f 562/562/562 563/563/563 564/564/564
f 565/565/565 566/566/566 567/567/567
f 568/568/568 569/569/569 570/570/570
f 571/571/571 572/572/572 573/573/573
f 574/574/574 575/575/575 576/576/576
f 577/577/577 578/578/578 579/579/579
f 580/580/580 581/581/581 582/582/582
f 583/583/583 584/584/584 585/585/585
f 586/586/586 587/587/587 588/588/588
f 589/589/589 590/590/590 591/591/591
f 592/592/592 593/593/593 594/594/594
f 595/595/595 596/596/596 597/597/597
f 598/598/598 599/599/599 600/600/600
f 601/601/601 602/602/602 603/603/603
f 604/604/604 605/605/605 606/606/606
f 607/607/607 608/608/608 609/609/609
f 610/610/610 611/611/611 612/612/612
f 613/613/613 614/614/614 615/615/615
f 616/616/616 617/617/617 618/618/618
f 619/619/619 620/620/620 621/621/621
f 622/622/622 623/623/623 624/624/624
f 625/625/625 626/626/626 627/627/627
f 628/628/628 629/629/629 630/630/630
f 631/631/631 632/632/632 633/633/633
f 634/634/634 635/635/635 636/636/636
f 637/637/637 638/638/638 639/639/639
f 640/640/640 641/641/641 642/642/642
f 643/643/643 644/644/644 645/645/645
f 646/646/646 647/647/647 648/648/648
f 649/649/649 650/650/650 651/651/651
f 652/652/652 653/653/653 654/654/654
f 655/655/655 656/656/656 657/657/657
f 658/658/658 659/659/659 660/660/660
f 661/661/661 662/662/662 663/663/663
f 664/664/664 665/665/665 666/666/666
f 667/667/667 668/668/668 669/669/669
f 670/670/670 671/671/671 672/672/672
f 673/673/673 674/674/674 675/675/675
f 676/676/676 677/677/677 678/678/678
f 679/679/679 680/680/680 681/681/681
f 682/682/682 683/683/683 684/684/684
f 685/685/685 686/686/686 687/687/687
f 688/688/688 689/689/689 690/690/690
f 691/691/691 692/692/692 693/693/693
f 694/694/694 695/695/695 696/696/696
f 697/697/697 698/698/698 699/699/699
f 700/700/700 701/701/701 702/702/702
f 703/703/703 704/704/704 705/705/705
f 706/706/706 707/707/707 708/708/708
f 709/709/709 710/710/710 711/711/711
f 712/712/712 713/713/713 714/714/714
f 715/715/715 716/716/716 717/717/717
f 718/718/718 719/719/719 720/720/720
f 721/721/721 722/722/722 723/723/723
f 724/724/724 725/725/725 726/726/726
f 727/727/727 728/728/728 729/729/729
f 730/730/730 731/731/731 732/732/732
f 733/733/733 734/734/734 735/735/735
f 736/736/736 737/737/737 738/738/738
f 739/739/739 740/740/740 741/741/741
f 742/742/742 743/743/743 744/744/744
f 745/745/745 746/746/746 747/747/747
f 748/748/748 749/749/749 750/750/750
f 751/751/751 752/752/752 753/753/753
f 754/754/754 755/755/755 756/756/756
f 757/757/757 758/758/758 759/759/759
f 760/760/760 761/761/761 762/762/762
f 763/763/763 764/764/764 765/765/765
f 766/766/766 767/767/767 768/768/768
f 769/769/769 770/770/770 771/771/771
f 772/772/772 773/773/773 774/774/774
f 775/775/775 776/776/776 777/777/777
f 778/778/778 779/779/779 780/780/780
f 781/781/781 782/782/782 783/783/783
f 784/784/784 785/785/785 786/786/786
f 787/787/787 788/788/788 789/789/789
f 790/790/790 791/791/791 792/792/792
f 793/793/793 794/794/794 795/795/795
f 796/796/796 797/797/797 798/798/798
f 799/799/799 800/800/800 801/801/801
f 802/802/802 803/803/803 804/804/804
f 805/805/805 806/806/806 807/807/807
f 808/808/808 809/809/809 810/810/810
f 811/811/811 812/812/812 813/813/813
f 814/814/814 815/815/815 816/816/816
f 817/817/817 818/818/818 819/819/819
f 820/820/820 821/821/821 822/822/822
f 823/823/823 824/824/824 825/825/825
f 826/826/826 827/827/827 828/828/828
f 829/829/829 830/830/830 831/831/831
f 832/832/832 833/833/833 834/834/834
f 835/835/835 836/836/836 837/837/837
f 838/838/838 839/839/839 840/840/840
f 841/841/841 842/842/842 843/843/843
f 844/844/844 845/845/845 846/846/846
f 847/847/847 848/848/848 849/849/849
f 850/850/850 851/851/851 852/852/852
f 853/853/853 854/854/854 855/855/855
f 856/856/856 857/857/857 858/858/858
f 859/859/859 860/860/860 861/861/861
f 862/862/862 863/863/863 864/864/864
f 865/865/865 866/866/866 867/867/867
f 868/868/868 869/869/869 870/870/870
f 871/871/871 872/872/872 873/873/873
f 874/874/874 875/875/875 876/876/876
f 877/877/877 878/878/878 879/879/879
f 880/880/880 881/881/881 882/882/882
f 883/883/883 884/884/884 885/885/885
f 886/886/886 887/887/887 888/888/888
f 889/889/889 890/890/890 891/891/891
f 892/892/892 893/893/893 894/894/894
f 895/895/895 896/896/896 897/897/897
f 898/898/898 899/899/899 900/900/900
f 901/901/901 902/902/902 903/903/903
f 904/904/904 905/905/905 906/906/906
f 907/907/907 908/908/908 909/909/909
f 910/910/910 911/911/911 912/912/912
# 152 triangles in group

g spells_amberbarrier_state.m2_Geoset_000
usemtl spells_amberbarrier_state.m2_Geoset_000_Lum
s 1
f 913/913/913 914/914/914 915/915/915
f 916/916/916 917/917/917 918/918/918
f 919/919/919 920/920/920 921/921/921
f 922/922/922 923/923/923 924/924/924
f 925/925/925 926/926/926 927/927/927
f 928/928/928 929/929/929 930/930/930
f 931/931/931 932/932/932 933/933/933
f 934/934/934 935/935/935 936/936/936
f 937/937/937 938/938/938 939/939/939
f 940/940/940 941/941/941 942/942/942
f 943/943/943 944/944/944 945/945/945
f 946/946/946 947/947/947 948/948/948
f 949/949/949 950/950/950 951/951/951
f 952/952/952 953/953/953 954/954/954
f 955/955/955 956/956/956 957/957/957
f 958/958/958 959/959/959 960/960/960
f 961/961/961 962/962/962 963/963/963
f 964/964/964 965/965/965 966/966/966
f 967/967/967 968/968/968 969/969/969
f 970/970/970 971/971/971 972/972/972
f 973/973/973 974/974/974 975/975/975
f 976/976/976 977/977/977 978/978/978
f 979/979/979 980/980/980 981/981/981
f 982/982/982 983/983/983 984/984/984
f 985/985/985 986/986/986 987/987/987
f 988/988/988 989/989/989 990/990/990
f 991/991/991 992/992/992 993/993/993
f 994/994/994 995/995/995 996/996/996
f 997/997/997 998/998/998 999/999/999
f 1000/1000/1000 1001/1001/1001 1002/1002/1002
f 1003/1003/1003 1004/1004/1004 1005/1005/1005
f 1006/1006/1006 1007/1007/1007 1008/1008/1008
f 1009/1009/1009 1010/1010/1010 1011/1011/1011
f 1012/1012/1012 1013/1013/1013 1014/1014/1014
f 1015/1015/1015 1016/1016/1016 1017/1017/1017
f 1018/1018/1018 1019/1019/1019 1020/1020/1020
f 1021/1021/1021 1022/1022/1022 1023/1023/1023
f 1024/1024/1024 1025/1025/1025 1026/1026/1026
f 1027/1027/1027 1028/1028/1028 1029/1029/1029
f 1030/1030/1030 1031/1031/1031 1032/1032/1032
f 1033/1033/1033 1034/1034/1034 1035/1035/1035
f 1036/1036/1036 1037/1037/1037 1038/1038/1038
f 1039/1039/1039 1040/1040/1040 1041/1041/1041
f 1042/1042/1042 1043/1043/1043 1044/1044/1044
f 1045/1045/1045 1046/1046/1046 1047/1047/1047
f 1048/1048/1048 1049/1049/1049 1050/1050/1050
f 1051/1051/1051 1052/1052/1052 1053/1053/1053
f 1054/1054/1054 1055/1055/1055 1056/1056/1056
f 1057/1057/1057 1058/1058/1058 1059/1059/1059
f 1060/1060/1060 1061/1061/1061 1062/1062/1062
f 1063/1063/1063 1064/1064/1064 1065/1065/1065
f 1066/1066/1066 1067/1067/1067 1068/1068/1068
f 1069/1069/1069 1070/1070/1070 1071/1071/1071
f 1072/1072/1072 1073/1073/1073 1074/1074/1074
f 1075/1075/1075 1076/1076/1076 1077/1077/1077
f 1078/1078/1078 1079/1079/1079 1080/1080/1080
f 1081/1081/1081 1082/1082/1082 1083/1083/1083
f 1084/1084/1084 1085/1085/1085 1086/1086/1086
f 1087/1087/1087 1088/1088/1088 1089/1089/1089
f 1090/1090/1090 1091/1091/1091 1092/1092/1092
f 1093/1093/1093 1094/1094/1094 1095/1095/1095
f 1096/1096/1096 1097/1097/1097 1098/1098/1098
f 1099/1099/1099 1100/1100/1100 1101/1101/1101
f 1102/1102/1102 1103/1103/1103 1104/1104/1104
f 1105/1105/1105 1106/1106/1106 1107/1107/1107
f 1108/1108/1108 1109/1109/1109 1110/1110/1110
f 1111/1111/1111 1112/1112/1112 1113/1113/1113
f 1114/1114/1114 1115/1115/1115 1116/1116/1116
f 1117/1117/1117 1118/1118/1118 1119/1119/1119
f 1120/1120/1120 1121/1121/1121 1122/1122/1122
f 1123/1123/1123 1124/1124/1124 1125/1125/1125
f 1126/1126/1126 1127/1127/1127 1128/1128/1128
f 1129/1129/1129 1130/1130/1130 1131/1131/1131
f 1132/1132/1132 1133/1133/1133 1134/1134/1134
f 1135/1135/1135 1136/1136/1136 1137/1137/1137
f 1138/1138/1138 1139/1139/1139 1140/1140/1140
f 1141/1141/1141 1142/1142/1142 1143/1143/1143
f 1144/1144/1144 1145/1145/1145 1146/1146/1146
f 1147/1147/1147 1148/1148/1148 1149/1149/1149
f 1150/1150/1150 1151/1151/1151 1152/1152/1152
f 1153/1153/1153 1154/1154/1154 1155/1155/1155
f 1156/1156/1156 1157/1157/1157 1158/1158/1158
f 1159/1159/1159 1160/1160/1160 1161/1161/1161
f 1162/1162/1162 1163/1163/1163 1164/1164/1164
f 1165/1165/1165 1166/1166/1166 1167/1167/1167
f 1168/1168/1168 1169/1169/1169 1170/1170/1170
f 1171/1171/1171 1172/1172/1172 1173/1173/1173
f 1174/1174/1174 1175/1175/1175 1176/1176/1176
f 1177/1177/1177 1178/1178/1178 1179/1179/1179
f 1180/1180/1180 1181/1181/1181 1182/1182/1182
f 1183/1183/1183 1184/1184/1184 1185/1185/1185
f 1186/1186/1186 1187/1187/1187 1188/1188/1188
f 1189/1189/1189 1190/1190/1190 1191/1191/1191
f 1192/1192/1192 1193/1193/1193 1194/1194/1194
f 1195/1195/1195 1196/1196/1196 1197/1197/1197
f 1198/1198/1198 1199/1199/1199 1200/1200/1200
f 1201/1201/1201 1202/1202/1202 1203/1203/1203
f 1204/1204/1204 1205/1205/1205 1206/1206/1206
f 1207/1207/1207 1208/1208/1208 1209/1209/1209
f 1210/1210/1210 1211/1211/1211 1212/1212/1212
f 1213/1213/1213 1214/1214/1214 1215/1215/1215
f 1216/1216/1216 1217/1217/1217 1218/1218/1218
f 1219/1219/1219 1220/1220/1220 1221/1221/1221
f 1222/1222/1222 1223/1223/1223 1224/1224/1224
f 1225/1225/1225 1226/1226/1226 1227/1227/1227
f 1228/1228/1228 1229/1229/1229 1230/1230/1230
f 1231/1231/1231 1232/1232/1232 1233/1233/1233
f 1234/1234/1234 1235/1235/1235 1236/1236/1236
f 1237/1237/1237 1238/1238/1238 1239/1239/1239
f 1240/1240/1240 1241/1241/1241 1242/1242/1242
f 1243/1243/1243 1244/1244/1244 1245/1245/1245
f 1246/1246/1246 1247/1247/1247 1248/1248/1248
f 1249/1249/1249 1250/1250/1250 1251/1251/1251
f 1252/1252/1252 1253/1253/1253 1254/1254/1254
f 1255/1255/1255 1256/1256/1256 1257/1257/1257
f 1258/1258/1258 1259/1259/1259 1260/1260/1260
f 1261/1261/1261 1262/1262/1262 1263/1263/1263
f 1264/1264/1264 1265/1265/1265 1266/1266/1266
f 1267/1267/1267 1268/1268/1268 1269/1269/1269
f 1270/1270/1270 1271/1271/1271 1272/1272/1272
f 1273/1273/1273 1274/1274/1274 1275/1275/1275
f 1276/1276/1276 1277/1277/1277 1278/1278/1278
f 1279/1279/1279 1280/1280/1280 1281/1281/1281
f 1282/1282/1282 1283/1283/1283 1284/1284/1284
f 1285/1285/1285 1286/1286/1286 1287/1287/1287
f 1288/1288/1288 1289/1289/1289 1290/1290/1290
f 1291/1291/1291 1292/1292/1292 1293/1293/1293
f 1294/1294/1294 1295/1295/1295 1296/1296/1296
f 1297/1297/1297 1298/1298/1298 1299/1299/1299
f 1300/1300/1300 1301/1301/1301 1302/1302/1302
f 1303/1303/1303 1304/1304/1304 1305/1305/1305
f 1306/1306/1306 1307/1307/1307 1308/1308/1308
f 1309/1309/1309 1310/1310/1310 1311/1311/1311
f 1312/1312/1312 1313/1313/1313 1314/1314/1314
f 1315/1315/1315 1316/1316/1316 1317/1317/1317
f 1318/1318/1318 1319/1319/1319 1320/1320/1320
f 1321/1321/1321 1322/1322/1322 1323/1323/1323
f 1324/1324/1324 1325/1325/1325 1326/1326/1326
f 1327/1327/1327 1328/1328/1328 1329/1329/1329
f 1330/1330/1330 1331/1331/1331 1332/1332/1332
f 1333/1333/1333 1334/1334/1334 1335/1335/1335
f 1336/1336/1336 1337/1337/1337 1338/1338/1338
f 1339/1339/1339 1340/1340/1340 1341/1341/1341
f 1342/1342/1342 1343/1343/1343 1344/1344/1344
f 1345/1345/1345 1346/1346/1346 1347/1347/1347
f 1348/1348/1348 1349/1349/1349 1350/1350/1350
f 1351/1351/1351 1352/1352/1352 1353/1353/1353
f 1354/1354/1354 1355/1355/1355 1356/1356/1356
f 1357/1357/1357 1358/1358/1358 1359/1359/1359
f 1360/1360/1360 1361/1361/1361 1362/1362/1362
f 1363/1363/1363 1364/1364/1364 1365/1365/1365
f 1366/1366/1366 1367/1367/1367 1368/1368/1368
# 152 triangles in group

# 456 triangles total

